cpg,GSM2589532,GSM2589533,GSM2589534,GSM2589535,GSM2589536,GSM2589537,GSM2589538,GSM2589539,GSM2589540,GSM2589541,GSM2589542,GSM2589543,GSM2589544,GSM2589545,GSM2589546,GSM2589547,GSM2589548,GSM2589549,GSM2589550,GSM2589551,GSM2589552,GSM2589553,GSM2589554,GSM2589555,GSM2589556,GSM2589557,GSM2589558,GSM2589559,GSM2589560,GSM2589561,GSM2589562,GSM2589563,GSM2589564,GSM2589565,GSM2589566,GSM2589567,GSM2589568,GSM2589569,GSM2589570,GSM2589571,GSM2589572,GSM2589573,GSM2589574,GSM2589575,GSM2589576,GSM2589577,GSM2589578,GSM2589579
cg04950931,0.30907424,0.354518072,0.38046564,0.2672398,0.31777898,0.44020543,0.3273214,0.412847791,0.3871128,0.28185178,0.27719515,0.24773345,0.36986584,0.25334706,0.34633862,0.309159618,0.31677019,0.35051088,0.39751658,0.40778499,0.29380342,0.300646919,0.28507665,0.27005577,0.32098051,0.36299543,0.28034917,0.29403176,0.32640083,0.31287994,0.2838593,0.29179393,0.21689202,0.42881452,0.34965771,0.41607663,0.33722676,0.35977105,0.3151076,0.35514724,0.55373193,0.22887558,0.26995395,0.334008553,0.49140826,0.22091474,0.25590014,0.37398512
cg21697851,0.40812625,0.258049152,0.39296354,0.29946004,0.35458201,0.37451702,0.32873655,0.121998264,0.18447882,0.21860364,0.33271051,0.4758567,0.13518342,0.39364462,0.29606574,0.270018781,0.28554217,0.31522314,0.32197076,0.15552959,0.34673059,0.153608943,0.37360595,0.25352759,0.22746533,0.35001049,0.46929087,0.45586752,0.32331682,0.12179487,0.31801905,0.32861025,0.47240527,0.31405096,0.39200071,0.30349786,0.29579376,0.28047397,0.24679267,0.35017529,0.08893298,0.1408543,0.39302059,0.23683324,0.15346211,0.40951932,0.42574501,0.25852474
cg20092728,0.57711079,0.643112915,0.5277977,0.50941669,0.48828491,0.62061104,0.43175974,0.539944649,0.59721765,0.56076487,0.48428739,0.39397163,0.66183857,0.51404127,0.54882475,0.574595055,0.44090056,0.53656184,0.61331891,0.60796672,0.49355078,0.48809764,0.43410475,0.56108139,0.42962272,0.53280443,0.38718635,0.48582908,0.44482256,0.44867163,0.46466885,0.43119061,0.48775216,0.66584694,0.57733436,0.60063762,0.49730406,0.48577335,0.68052042,0.57877513,0.66651418,0.51152426,0.49885441,0.522920422,0.70602434,0.44587629,0.48272005,0.57288021
cg12804791,0.27628809,0.120822845,0.13462153,0.16857047,0.18247106,0.40775602,0.21283563,0.147662486,0.28913781,0.26339091,0.3241165,0.24752137,0.25708061,0.1262011,0.37458383,0.264897038,0.24986014,0.24908537,0.30248639,0.17261005,0.34887434,0.301789487,0.24225073,0.30379083,0.41538462,0.19455994,0.22173876,0.20208615,0.2451887,0.34790041,0.33547878,0.17903481,0.16593737,0.31678164,0.36310374,0.25576356,0.40907778,0.47277937,0.39918503,0.27947073,0.19113353,0.19626168,0.13112418,0.252699784,0.36651398,0.21340472,0.23383015,0.42994267
cg11619216,0.56878391,0.606479512,0.48831503,0.49882611,0.50878528,0.64886594,0.47369556,0.546959294,0.66873219,0.56406631,0.55224166,0.48107268,0.62253521,0.59221891,0.60540403,0.609872282,0.51903675,0.49298765,0.59309692,0.53920648,0.64615843,0.610537424,0.48243661,0.60097487,0.62506493,0.55494549,0.63001294,0.58381867,0.5800227,0.527183,0.53078628,0.52761628,0.60455425,0.68795702,0.67723687,0.62244696,0.67948895,0.51947391,0.54455713,0.60703279,0.67208754,0.55821949,0.59812299,0.582235108,0.59436705,0.5847115,0.62117729,0.59783438
cg07802350,0.38148427,0.425826075,0.50414961,0.49924127,0.47154991,0.47178839,0.55358232,0.379907134,0.36013227,0.5244593,0.50157913,0.53301321,0.47947145,0.50531266,0.55111285,0.460440412,0.37640043,0.43287446,0.41018739,0.4581044,0.51411574,0.269927726,0.56545961,0.54634089,0.40415948,0.64683067,0.6004462,0.32841961,0.46942631,0.36973267,0.40487981,0.48207568,0.59453424,0.42175484,0.38129417,0.49255486,0.39766764,0.57380235,0.46260112,0.50443727,0.30866602,0.36435351,0.50620295,0.269240474,0.45850647,0.48560558,0.57560284,0.52918733
cg13175060,0.60096778,0.526929354,0.5609639,0.52488789,0.39333142,0.59938771,0.45209119,0.586242944,0.66996376,0.5618659,0.54423898,0.46792807,0.68091519,0.57578049,0.61910611,0.547122682,0.48207385,0.577654,0.72200772,0.61256473,0.5366756,0.585741426,0.44627521,0.60036787,0.61722035,0.50566038,0.58486182,0.52039502,0.43963303,0.42807961,0.43523551,0.51903831,0.48968221,0.62829615,0.70450237,0.72348746,0.70099091,0.65519596,0.74465894,0.7090229,0.71792237,0.51019874,0.51618834,0.603412616,0.72935565,0.49380325,0.4705702,0.60959847
cg25632577,0.47511813,0.479076031,0.43805528,0.40949766,0.43132386,0.52587847,0.38787056,0.497426503,0.52376857,0.47608109,0.45681024,0.39300412,0.54719731,0.48618627,0.55494636,0.526784926,0.45419701,0.42700524,0.52623799,0.51221585,0.54573548,0.536547291,0.40143609,0.46020878,0.51454253,0.53811859,0.51871175,0.42400488,0.47089947,0.43762902,0.4736235,0.43039169,0.48746239,0.54403168,0.55818966,0.60925623,0.53920533,0.47367829,0.53589346,0.51646722,0.55261879,0.46861925,0.45111492,0.516742195,0.58577337,0.44116622,0.51916253,0.54438273
cg11811391,0.59263447,0.568680089,0.57561248,0.47318884,0.52748787,0.67433325,0.50731639,0.566453395,0.73584751,0.62902026,0.58942486,0.53415362,0.63775462,0.5495734,0.63947763,0.587412587,0.62525988,0.51224105,0.69395478,0.53545652,0.62220509,0.569411585,0.44251585,0.64045387,0.6115942,0.5524101,0.56376375,0.59190881,0.53718896,0.51779661,0.51007157,0.53384913,0.61420381,0.75065329,0.68907086,0.74713007,0.7404184,0.66675395,0.676569,0.64681966,0.67440464,0.59188984,0.57763222,0.583892617,0.73727611,0.50664801,0.56012419,0.64619019
cg20981848,0.66357648,0.657264502,0.66331974,0.70285281,0.69628433,0.70388788,0.71583384,0.695871415,0.6573177,0.68771415,0.67449842,0.73402933,0.65301665,0.66071014,0.64713173,0.717143651,0.62480341,0.70761839,0.6087401,0.71586879,0.67336683,0.671703631,0.66484683,0.6548878,0.70874887,0.74656647,0.71350546,0.61265537,0.69789082,0.69453144,0.71982305,0.691414,0.68949655,0.67047128,0.66957753,0.61125079,0.70720721,0.68931561,0.58847892,0.65207547,0.55027577,0.69492471,0.6794932,0.569923932,0.71536939,0.63625592,0.69764083,0.73528069
cg14025883,0.67607843,0.712657275,0.54029268,0.49563576,0.55338983,0.71930478,0.56928416,0.679404871,0.81009323,0.69121361,0.6186782,0.54836926,0.77919463,0.6552065,0.74980284,0.716700986,0.66447996,0.6481669,0.72059486,0.61243265,0.72388276,0.716207951,0.58338394,0.55561251,0.77250701,0.64009112,0.65148882,0.67434953,0.59607538,0.62173108,0.5709405,0.62447305,0.70834769,0.74145367,0.80182845,0.80119494,0.79688514,0.63989508,0.75928218,0.73509235,0.81570184,0.63640436,0.70038091,0.66632948,0.72335845,0.60673818,0.73566054,0.77749608
cg25493658,0.24642692,0.283106796,0.33232,0.2420009,0.29296875,0.29646018,0.23215366,0.300710164,0.39111933,0.25030254,0.29053143,0.25852058,0.30564226,0.28069527,0.39529617,0.302796919,0.28083653,0.3448446,0.36357057,0.23680556,0.33944954,0.284876017,0.24020017,0.309805,0.29024857,0.31859649,0.2783325,0.33294574,0.2547749,0.27222356,0.27434245,0.26785714,0.29803567,0.35683203,0.35200538,0.4699416,0.38207873,0.31703204,0.3448183,0.31697342,0.35793358,0.22736361,0.31456811,0.349671413,0.37173239,0.32880519,0.27559963,0.32036514
cg01491071,0.45021413,0.616026448,0.55556827,0.38104601,0.46232064,0.505209,0.4400788,0.509063444,0.53985894,0.47829224,0.44086838,0.47645429,0.59364009,0.50980149,0.53501249,0.429627891,0.41098928,0.49214506,0.65099524,0.57402475,0.37147713,0.492401216,0.4848736,0.42617129,0.48861515,0.51908286,0.44583867,0.4780931,0.47212754,0.46824116,0.40464212,0.45124687,0.51122728,0.63660509,0.57405338,0.61380952,0.58435518,0.47527585,0.7007604,0.57572868,0.70478914,0.42464953,0.42237601,0.539804977,0.64501238,0.41595711,0.48878659,0.51078688
cg03777414,0.61730038,0.582936653,0.5709347,0.5059712,0.52683504,0.69832402,0.52725877,0.477419355,0.6848249,0.5012221,0.586,0.41536458,0.69410319,0.57348293,0.67832577,0.585598824,0.62879678,0.56121673,0.71595547,0.58476658,0.52165042,0.485189103,0.46561169,0.64106503,0.64134249,0.50377524,0.54424688,0.60318995,0.58371099,0.53670374,0.52173333,0.58355859,0.5818468,0.71348315,0.76998241,0.72575124,0.70465878,0.67546453,0.75692435,0.66817111,0.77026777,0.49726431,0.54034436,0.528440367,0.68057785,0.52104434,0.53756881,0.63584609
cg20586124,0.4533869,0.472136223,0.40998217,0.42228412,0.49208145,0.50139438,0.36312248,0.39119854,0.48295455,0.46911847,0.48023039,0.42681299,0.42934391,0.46934543,0.50487805,0.385420126,0.52971846,0.29572148,0.54063939,0.3153181,0.49758964,0.463390542,0.47484083,0.50172576,0.45043773,0.38576099,0.4128782,0.49861569,0.39347955,0.406827,0.42458374,0.44862697,0.41294227,0.51878208,0.55492302,0.51609403,0.4753677,0.42985033,0.51589877,0.48789689,0.49174917,0.37124183,0.39322034,0.583455942,0.42293344,0.4530811,0.52497565,0.40852878
cg16175792,0.50868936,0.609744991,0.49279389,0.44336688,0.4584747,0.62205514,0.45667317,0.573764259,0.70316907,0.51159571,0.49903496,0.47983143,0.61278597,0.51338932,0.65532587,0.596544898,0.50386555,0.50156937,0.65908358,0.53529572,0.60072014,0.552599574,0.4671335,0.55583269,0.63502935,0.47505217,0.53666369,0.53196082,0.50130629,0.44890909,0.46526092,0.51529024,0.54540876,0.67233916,0.64482879,0.71828396,0.67573222,0.54607755,0.64569961,0.56857593,0.71375603,0.48015123,0.52656839,0.582524272,0.68792633,0.51786079,0.55251397,0.64146425
cg25961733,0.44840857,0.42362994,0.45201632,0.37510902,0.33371193,0.52098234,0.39529181,0.401462523,0.51858284,0.42359911,0.41403472,0.3902439,0.55998818,0.40165083,0.50393873,0.462879224,0.44231889,0.46643057,0.575532,0.46601699,0.49737161,0.472188264,0.3464937,0.43928894,0.55327191,0.47254426,0.50264974,0.43759275,0.4208006,0.3839158,0.42003231,0.45133878,0.45156845,0.46238854,0.53592216,0.59519336,0.57881654,0.46815316,0.54943919,0.53696782,0.50213201,0.36104663,0.49255612,0.450443787,0.54860436,0.44296558,0.44620971,0.58360656
cg13912117,0.27367025,0.075178414,0.40814893,0.39669594,0.46756831,0.28863876,0.31842992,0.102283505,0.17638805,0.39377277,0.12603576,0.42352391,0.29564463,0.28606268,0.30420712,0.179143981,0.30825843000000003,0.07201824,0.38845986,0.07093921,0.47317838,0.04880509,0.38577635,0.27615795,0.30736407,0.40297022,0.33783883,0.28089003,0.29388817,0.05963643,0.29581837,0.4339565,0.39811382,0.22098123,0.20434375,0.33963874,0.3849319,0.34182062,0.31300185,0.27062463,0.03988275,0.09114835,0.4153022,0.111920243,0.16825767,0.36588909,0.22613187,0.156239
cg27307465,0.53112583,0.524948332,0.48440931,0.38987524,0.43083631,0.56681936,0.42661857,0.54221219,0.5979027,0.50055766,0.46815287,0.37241379,0.54629192,0.49182339,0.52979592,0.489965096,0.45907554,0.45828206,0.58294792,0.49248515,0.49444896,0.528964667,0.42733189,0.45091743,0.5412495,0.44045121,0.46748682,0.4695301,0.45076836,0.38102372,0.42851959,0.43068036,0.48173322,0.66092715,0.65744829,0.68256303,0.6738129,0.59125607,0.579941,0.58648288,0.69822485,0.50309483,0.4661535,0.555228671,0.6684712,0.42600423,0.45873281,0.54784418
cg23825057,0.5425599,0.618799861,0.59636925,0.54240996,0.51372399,0.52801139,0.51788656,0.52238806,0.66455781,0.53088361,0.48819591,0.42548158,0.63956004,0.53389371,0.62443145,0.611016026,0.49935018,0.61985507,0.65410614,0.57954545,0.53570269,0.576221929,0.57931034,0.48652314,0.66303749,0.48482402,0.56979552,0.55248699,0.5000652,0.51420774,0.51231468,0.50784113,0.63523495,0.5658077,0.72422299,0.81534919,0.56252296,0.55107386,0.6050875,0.62463523,0.77839555,0.4224008,0.5093737,0.515711948,0.62511715,0.54628593,0.51990931,0.66242331
cg17949440,0.41962478,0.387853949,0.36514564,0.41052499,0.46491584,0.54231156,0.55677362,0.463768116,0.34260127,0.37389448,0.32946636,0.55521695,0.45565521,0.47365171,0.4667646,0.508388567,0.56421661,0.37204857,0.39987784,0.57727713,0.5757088,0.284085511,0.44166771,0.27995165,0.4083308,0.46324512,0.49938567,0.15820366,0.46639392,0.2874818,0.43739599,0.55705611,0.57037119,0.20623473,0.5258226,0.48470414,0.34004655,0.51572414,0.4647482,0.57830591,0.11060089,0.35086895,0.53733375,0.187469085,0.27845613,0.36228914,0.54589232,0.45922008
cg04098985,0.41620399,0.51627907,0.50228465,0.39992135,0.38329499,0.49464901,0.36115791,0.455782313,0.59498031,0.53883291,0.45333333,0.39214821,0.53995804,0.40097879,0.58953454,0.479046836,0.47119617,0.46880988,0.57851385,0.38981588,0.52467964,0.481822751,0.40924092,0.42204011,0.48550984,0.37514201,0.41086714,0.46759582,0.39699641,0.37056805,0.41558663,0.41778391,0.44315923,0.57290873,0.57516815,0.67701994,0.60349508,0.54661191,0.58532233,0.53853755,0.58071749,0.38650591,0.50744559,0.528975741,0.64858097,0.43857272,0.37111801,0.52189922
cg16886987,0.38892425,0.3505217,0.40037341,0.40739802,0.41758794,0.31005555,0.42646793,0.222746331,0.18385705,0.39039179,0.21781082,0.44566713,0.25049561,0.17526599,0.35919153,0.411848173,0.40015302,0.20800856,0.36568957,0.2487918,0.42990526,0.119235512,0.38627611,0.34597156,0.3047619,0.36894202,0.50082102,0.38660385,0.36516517,0.24189526,0.24108214,0.46741735,0.31119741,0.30948064,0.3484921,0.37550594,0.31283317,0.38313914,0.38735649,0.41941326,0.18977985,0.29684332,0.4763378,0.179924242,0.17991829,0.55335386,0.31963805,0.30770215
cg22860917,0.42479792,0.41903987,0.4368476,0.36794309,0.37985705,0.45836757,0.36140224,0.426080586,0.52333599,0.46017826,0.46105797,0.33366633,0.4987634,0.38498195,0.48581702,0.42243837,0.44364162,0.43893778,0.56421884,0.49988675,0.4402852,0.458472156,0.40636394,0.4173782,0.52681732,0.41094187,0.40384615,0.46151478,0.33020344,0.37840928,0.40442443,0.40883978,0.46612632,0.48188039,0.47786439000000003,0.64345503,0.51579712,0.50085444,0.64074733,0.51398038,0.57170956,0.42474122,0.4904166,0.489898118,0.56562328,0.40989466,0.41617606,0.51680291
cg21594328,0.30054875,0.298342541,0.27467148,0.22364739,0.23494834,0.27479675,0.25123558,0.241407982,0.35716422,0.29076507,0.22653722,0.22243346,0.38787728,0.32850533,0.32580101,0.310225303,0.36624733,0.18419633,0.3328714,0.29801572,0.30210421,0.28248974,0.33996683,0.29685746,0.28337195,0.25588105,0.34169357,0.33482333,0.22591883,0.29820261,0.24245337,0.25502543,0.22686719,0.25757272,0.31570639,0.27175209,0.21539471,0.3126294,0.35454545,0.32906894,0.25634597,0.24024154,0.30046948,0.326805386,0.1931946,0.35366932,0.28324628,0.21834599
cg23903035,0.3933287,0.368378488,0.36426882,0.29251492,0.36581489,0.38269101,0.25632794,0.244835288,0.39237776,0.33733562,0.32668789,0.4233097,0.5355763,0.31811679,0.36292652,0.399532389,0.40680891,0.26644494,0.46952104,0.32070555,0.57748918,0.369790351,0.29033368,0.31270597,0.39768695,0.3898513,0.29079575,0.37106037,0.35992823,0.33113377,0.29915143,0.34368783,0.34831791,0.42288557,0.44566814,0.45220794,0.42728327,0.38001503,0.53001017,0.5269273,0.52186062,0.19843886,0.26209456,0.358475394,0.36617954,0.31274729,0.29124413,0.40329588
cg14393923,0.52469424,0.681997844,0.59166323,0.53590452,0.51828154,0.65103958,0.43846371,0.563344201,0.66546877,0.54680464,0.53203569,0.42825362,0.53064275,0.52895718,0.68771846,0.493564801,0.60342824,0.68919383,0.60139672,0.5702067,0.58463968,0.568091745,0.58616076,0.48699407,0.67269423,0.66525336,0.51681464,0.67099113,0.47371312,0.50459759,0.5604954,0.62955352,0.60024165,0.68339835,0.71241589,0.7363815,0.67933698,0.67839313,0.56725934,0.54389647,0.71059966,0.28865105,0.65152442,0.57205769,0.50565255,0.59378623,0.64689977,0.5883775
cg25103160,0.49289758,0.527565919,0.48014346,0.43140057,0.4404718,0.49203723,0.45370827,0.484658896,0.53633934,0.47348361,0.39712247,0.41787633,0.51487546,0.46016598,0.49495389,0.450920245,0.4377546,0.48424017,0.5377429,0.52305104,0.42148563,0.472508745,0.4305286,0.44729053,0.46338524,0.47432306,0.44936577,0.44932882,0.43541001,0.41125632,0.42576842,0.41024598,0.48026114,0.54707579,0.4757483,0.58412138,0.54508795,0.44435301,0.55578903,0.51593987,0.60391611,0.41075447,0.46672454,0.497356449,0.591133,0.40823389,0.45552209,0.50995175
cg04640920,0.47437898,0.230570596,0.39438405,0.4034712,0.41401944,0.32507608,0.5270993,0.208624709,0.22523003,0.42114808,0.3036982,0.47064492,0.34952811,0.23630455,0.45854582,0.260051616,0.38261566,0.34579363,0.33296901,0.29383719,0.29418847,0.176264436,0.49555376,0.4179314,0.30816752,0.4911962,0.56747405,0.47851786,0.4221687,0.24805005,0.25921721,0.39342643,0.54794046,0.27662238,0.37623699,0.25797733,0.30601768,0.31192799,0.29384203,0.32805281,0.28485692,0.2232089,0.28204416,0.267703508,0.21568465,0.49134974,0.32469241,0.35654374
cg01522692,0.55577809,0.57696567,0.55563018,0.51404311,0.43374936,0.53981623,0.46279187,0.518330921,0.61498029,0.50765681,0.48694581,0.44184563,0.60534206,0.51259858,0.57612042,0.550210463,0.48265726,0.5407705,0.65206713,0.5225828,0.48672566,0.49682076,0.49865229,0.53277399,0.52038126,0.46943078,0.49080305,0.51634597,0.46704918,0.45678738,0.48927039,0.54727794,0.50863766,0.58789934,0.56014555,0.69955038,0.59497779,0.5487275,0.63558701,0.60084501,0.65363128,0.41807082,0.49136276,0.575624082,0.66680761,0.43080296,0.46509282,0.5804798
cg23249922,0.72096362,0.774383894,0.62853371,0.62122672,0.69022724,0.82439955,0.71656262,0.730474297,0.78664904,0.72157122,0.68633809,0.64305666,0.73931909,0.74826517,0.82518116,0.700986436,0.59895482,0.63908476,0.67612688,0.73965937,0.78379479,0.700054437,0.61347518,0.58201164,0.75275522,0.79511119,0.70412933,0.66636718,0.7284287,0.68006431,0.71424771,0.66312617,0.75184275,0.82034289,0.82718385,0.79369125,0.80054375,0.72257445,0.74277218,0.65215137,0.77188527,0.62892377,0.67001815,0.671830274,0.78257118,0.69095641,0.73476486,0.74234173
cg15903956,0.45111312,0.492130794,0.4238734,0.39330991,0.39724327,0.55781747,0.40133779,0.486151132,0.63658537,0.4687337,0.47487216,0.37154217,0.60041248,0.46187121,0.60403317,0.515163148,0.47888849,0.49396209,0.59258458,0.44273925,0.59587332,0.507683711,0.4013535,0.45501716,0.59375438,0.47789377,0.49004349,0.50018561,0.42706701,0.4035372,0.4190787,0.46208978,0.49308409,0.59886715,0.63667609,0.6762322,0.61769742,0.52970847,0.62362122,0.57644282,0.62068966,0.45973783,0.50261852,0.457874581,0.60167884,0.46393162,0.52251401,0.61672968
cg10688297,0.44702628,0.349858801,0.57098553,0.32291667,0.41401354,0.4649867,0.34182563,0.382452999,0.43657357,0.47994016,0.45055861,0.45977191,0.43348464,0.42274443,0.45416129,0.335446686,0.44364821,0.25872393,0.54731497,0.26787447,0.40637931,0.45490982,0.42945455,0.44887623,0.43202658,0.29877389,0.38024691,0.45733436,0.3609816,0.40120553,0.40203792,0.47210031,0.34797745,0.46848714,0.46317211,0.4706422,0.51999497,0.48094975,0.54600262,0.50432933,0.43852378,0.38253996,0.415539,0.541653811,0.44128275,0.40877721,0.38074134,0.48554146
cg07989490,0.56215554,0.55873204,0.51977162,0.50488107,0.46239385,0.56276297,0.47180504,0.505457513,0.5716693,0.50937196,0.50123385,0.46566347,0.60626836,0.50118177,0.56480938,0.569146913,0.49464484,0.53597689,0.6616559,0.57979354,0.51551068,0.540757625,0.51268517,0.52907721,0.52535365,0.48792139,0.50264901,0.51271186,0.47609981,0.46766802,0.5,0.51138896,0.50788722,0.58283496,0.60816926,0.66606105,0.61306479,0.560803,0.65426027,0.60422003,0.64538462,0.43220593,0.49083918,0.572737368,0.64117828,0.46263798,0.48134495,0.56373626
cg16090790,0.49100406,0.514685636,0.4002088,0.35645303,0.37616564,0.5532704,0.40005719,0.430533752,0.57233214,0.48179,0.41616526,0.3985576,0.45498454,0.45252957,0.49586321,0.453011642,0.42512509,0.40950151,0.45970382,0.43793369,0.53579083,0.470248668,0.34080801,0.47414133,0.47481434,0.44662813,0.38345154,0.43670151,0.43217961,0.35605524,0.37013348,0.37395854,0.45181477,0.51473269,0.57759883,0.55025457,0.58499831,0.51500092,0.49931143,0.48768283,0.54085064,0.42818086,0.41645399,0.481993896,0.62223859,0.44780053,0.44580849,0.55833751
cg01519765,0.48115525,0.433082495,0.3272262,0.34759323,0.41412276,0.50828792,0.31236181,0.303871269,0.52575361,0.39786447,0.40343547,0.42818144,0.52308409,0.36569149,0.51973324,0.342059235,0.31917587,0.26228697,0.5057871,0.3824409,0.38155388,0.422995072,0.24330388,0.38788743,0.47855646,0.46573188,0.36974307,0.31045709,0.34057379,0.44551341,0.3055056,0.37029894,0.38811127,0.52690464,0.49591235,0.49245271,0.4922943,0.48759445,0.46373388,0.44109948,0.54491541,0.44318402,0.36843422,0.385468477,0.47819635,0.39155285,0.38871473,0.53314659
cg18444702,0.31830108,0.352958493,0.3791407,0.31433,0.31596471,0.36421119,0.25063613,0.254537406,0.46171694,0.34006491,0.28982528,0.28983489,0.34179104,0.27876923,0.3807777,0.291918755,0.29620648,0.24489294,0.43250371,0.32942628,0.34585225000000003,0.34461018,0.26632833,0.42,0.37911604,0.31392763,0.35219564,0.39300773,0.31174652,0.30272047,0.28218541,0.31481481,0.30474732,0.52034508,0.34595868,0.36498708,0.36559812,0.34596746,0.46504105,0.30124051,0.4316693,0.28099174,0.34939531,0.409099862,0.38620109,0.29951478,0.31791806,0.37226015
cg16404259,0.51311885,0.571034706,0.51946926,0.49620893,0.44763322,0.5879941,0.4667947,0.528112595,0.67568408,0.50971258,0.54674067,0.44044297,0.60025445,0.58228442,0.68979118,0.454091193,0.54174612,0.48057789,0.55178749,0.48045113,0.54954189,0.565109228,0.4472659,0.59096392,0.63837025,0.40591478,0.59890689,0.48119354,0.46218943,0.54031511,0.42026266,0.44353543,0.56473048,0.62255792,0.61299633,0.67783802,0.68802471,0.53889103,0.53386803,0.54336855,0.67441662,0.48541727,0.58726415,0.534128167,0.58855983,0.58112245,0.56268199,0.64717263
cg12077460,0.34997093,0.361191626,0.35510521,0.31423407,0.33261707,0.42345089,0.32508314,0.379769112,0.47365566,0.36932707,0.34063401,0.32172151,0.44007627,0.35004023,0.39386651,0.410939187,0.32128788,0.37030247,0.50657045,0.327638,0.35570908,0.373136599,0.30600421,0.3492742,0.4434236,0.4089026,0.34279301,0.37211353,0.32690432,0.34109115,0.31707663,0.35814491,0.34048027,0.39709935,0.48158938,0.48889574,0.42727847,0.39856485,0.39550141,0.43532152,0.43277739,0.38529526,0.3739888,0.392068415,0.42637934,0.35068942,0.39063085,0.42656263
cg22517735,0.33364272,0.27176758,0.20693828,0.33563218,0.37702591,0.26641558,0.39830417,0.113164467,0.24295286,0.39546065,0.235202,0.40055311,0.28858857,0.34918865,0.3905009,0.21101114,0.40029121,0.18214775,0.27424242,0.06769516,0.32194762,0.123134849,0.37580334,0.33089323,0.33450027,0.53519939,0.37821884,0.33200823,0.38665057,0.19568117,0.29922096,0.41326067,0.45693042,0.18319805,0.31345401,0.32359482,0.26685556,0.39477883,0.22470463,0.29549665,0.07534477,0.11496634,0.33965803,0.170928339,0.07157925,0.33454325,0.3071151,0.32415862
cg01713086,0.31043098,0.240513719,0.32715115,0.23145897000000001,0.20991912,0.32740261,0.22743504,0.261248186,0.32359186,0.28980207,0.29625332,0.21334012,0.37061184,0.22978304,0.35473897,0.306628589,0.28537361,0.26369916,0.41983267,0.27681583,0.28249111,0.369720919,0.19460619,0.27904365,0.35441389,0.22809458,0.26629451,0.32640472,0.2456558,0.21038732,0.27234315,0.25666367,0.27143256,0.33927307,0.37310554,0.4414398,0.41385863,0.35561878,0.39346642,0.40222085,0.35928144,0.20288446,0.26142245,0.316128067,0.37136958,0.21821632,0.24098644,0.34235712
cg16734734,0.37322733,0.484438984,0.50244464,0.36938094,0.42107438,0.43702546,0.39618289,0.331373373,0.45243566,0.35714286,0.41749932,0.44421434,0.55206847,0.42249093,0.4590002,0.369142572,0.4015625,0.44643365,0.4907921,0.55878836,0.35775742,0.470318638,0.43369397,0.5192194,0.40863636,0.47442767,0.43627094,0.48640283,0.38415673,0.40812765,0.3900132,0.46701913,0.32882986,0.49563236,0.42767924,0.52945205,0.49322746,0.45848036,0.53835837,0.41333019,0.52597944,0.39173171,0.31499312,0.497480685,0.574326,0.41149023,0.45871345,0.42674445
cg00886182,0.38771784,0.442194259,0.41387489,0.37342319,0.3938449,0.40474548,0.33405224,0.383740587,0.45884339,0.38732028,0.37256017,0.32475056,0.44094819,0.40240606,0.42346343,0.343851133,0.41616458,0.3629748,0.46453059,0.39947339,0.3640245,0.397733263,0.32783183,0.42422748,0.41541466,0.30723833,0.37194719,0.40391977,0.36334113,0.32703989,0.34722043,0.38570241,0.385712,0.42039237,0.42318233,0.52352487,0.47478457,0.36953542,0.49122209,0.4473639,0.45516781,0.30284369,0.39201807,0.479670522,0.49333703,0.35964589,0.37854283,0.39105971
cg07891440,0.62518727,0.724499756,0.57600711,0.60015582,0.6133829,0.75554176,0.53771127,0.648018498,0.77633489,0.62562301,0.56228614,0.49973726,0.67929117,0.65312948,0.76248372,0.722621902,0.59767005,0.57351841,0.76842282,0.56435426,0.76999002,0.709826153,0.57302622,0.61324201,0.73508296,0.63166283,0.64942741,0.66423416,0.50858342,0.61202821,0.58725148,0.60757396,0.61399893,0.68100147,0.78855371,0.78095741,0.71341081,0.640974,0.74802202,0.60449619,0.74746327,0.61236335,0.56077475,0.669393827,0.73808621,0.60396589999999994,0.70791075,0.6649612
cg15715892,0.6440213,0.715499923,0.60211223,0.56934307,0.54342306,0.64441472,0.55900202,0.647018693,0.77874332,0.60351622,0.45929019,0.50877486,0.7447243,0.57836299,0.71527778,0.570244565,0.56647486,0.51899143,0.74494175,0.6996077,0.69311324,0.538381473,0.50342349,0.57095595,0.60111465,0.5906882,0.62239539,0.59438187,0.45688178,0.55269801,0.58909222000000006,0.65923849,0.48724872,0.73931192,0.65479694,0.7709668,0.66566591,0.67222922,0.72629969,0.69327662,0.76839533,0.45818442,0.67950261,0.575293057,0.7820326,0.56013871,0.50882394,0.73598949
cg21368161,0.45687066,0.530609379,0.41661913,0.47809451,0.47543225,0.58331185,0.39295637,0.476879113,0.6399662,0.51230638,0.53533587,0.45818835,0.48832451,0.52213296,0.58411354,0.50911215,0.45059493,0.38827839,0.47506132,0.38762368,0.53460325,0.492099513,0.38749856,0.46656151,0.54083646,0.50795672,0.51975978,0.49954851,0.48526431,0.45480769,0.46423286,0.42333096,0.47510148,0.62817834,0.62116444,0.59794884,0.55346173,0.48794479,0.51472222,0.46446467,0.61554761,0.50440835,0.42788921,0.452346928,0.49506841,0.46478226,0.52204878,0.55104137
cg03766264,0.37672466,0.496940676,0.36769327,0.3511718,0.41360987,0.39434496,0.29762272,0.426119902,0.44339477,0.36813735,0.34232147,0.31334536,0.36161207,0.37223089,0.41747104,0.391143911,0.35113509,0.37533909,0.44843477,0.39589666,0.38560589,0.349378882,0.39493605,0.40935563,0.40599613,0.31084707,0.33626302,0.42760768,0.35343661,0.33271202,0.39946649,0.38201745,0.36037891,0.46685173,0.44009881,0.45456546,0.46491228,0.35062402,0.45402299,0.39827349,0.51020408,0.29842117,0.38356963,0.452506875,0.45882913,0.33807014,0.37087307,0.39364667
cg26922451,0.54391712,0.519697573,0.502918,0.43754136,0.42206471,0.57365861,0.42136547,0.48330507,0.66745067,0.52057077,0.5025298,0.48960561,0.35918744,0.47608124,0.64576638,0.554159367,0.46896365,0.52610344,0.65938212,0.53392051,0.58731896,0.542532211,0.43169855,0.61806349,0.60172547,0.49487025,0.61049816,0.51625132,0.45235159,0.46967641,0.41541796,0.47024849,0.54513655,0.63296658,0.67956379,0.71365126,0.67645492,0.60922113,0.58677459,0.61975591,0.63464578,0.52455279,0.52314387,0.493866214,0.60803785,0.48656215,0.53229822,0.61039562
cg20970886,0.51368197,0.486179146,0.42641261,0.42485892,0.41116006,0.51145776,0.41207777,0.450904393,0.57683834,0.43800539,0.47099473,0.41990412,0.52043177,0.47383444,0.57076781,0.503696402,0.43986849,0.47642276,0.57920048,0.49903957,0.5078568,0.483174929,0.44741682,0.44988218,0.48102159,0.45433333,0.46933706,0.47946527,0.40400561,0.38055152,0.42666821,0.45398106,0.47069495,0.54358354,0.5420354,0.61896217,0.57788605,0.53438676,0.59888579,0.5762489,0.61890909,0.41822722,0.46994289,0.531742001,0.57546326,0.42767521,0.4452343,0.55896408
cg19863655,0.36507548,0.24374401,0.23615391,0.41081291,0.36037749,0.33254801,0.3535767,0.307074686,0.1768192,0.37658674,0.18385988,0.50214058,0.29674273,0.20995519,0.41722069,0.178887429,0.28176299,0.35551377,0.39216349,0.15100576,0.26986081,0.067511281,0.25242524,0.30457108,0.42222949,0.40094761,0.37243159,0.25293034,0.34751862,0.09706978,0.37260614,0.33348997,0.39531829,0.1025128,0.37461257,0.27927298,0.20230263,0.4177605,0.1284792,0.3655914,0.07824742,0.16077917,0.47313227,0.083175237,0.10001736,0.40719605,0.26843905,0.16109528
cg22344841,0.40250632,0.448340295,0.40710642,0.34370881,0.38630608,0.44731553,0.34416667,0.389422189,0.49934043,0.3961922,0.38028846,0.33846867,0.45755291,0.44566125,0.44812656,0.405282332,0.39223972,0.36610379,0.47734942,0.34686734,0.44686929,0.423682349,0.35077925,0.44562591,0.48488605,0.38625694,0.39071069,0.43254654,0.40282564,0.3514778,0.38893288,0.39061509,0.41802101,0.49813708,0.49602623,0.52328712,0.52567282,0.39733191,0.48123294,0.43088175,0.50239082,0.40054904,0.40245014,0.44015101,0.49151194,0.37160197,0.43463465,0.44196557
cg07158065,0.45876102,0.504968944,0.4338741,0.38501929,0.41953269,0.50618873,0.37205155,0.457704793,0.5524852,0.48205128,0.38478028,0.38114754,0.52953995,0.46826035,0.52172763,0.429249448,0.4282789,0.38729989,0.55824895,0.40844886,0.5053583,0.510344179,0.40401113,0.50801466,0.54215505,0.42783813,0.46088932,0.48590245,0.43342776,0.38913867,0.40095553,0.42063232,0.4635727,0.54070527,0.52361764,0.56122559,0.5573422,0.41828959,0.57101484,0.60969122,0.57899099,0.42966881,0.43376876,0.545730167,0.50531821,0.434234,0.49754011,0.52161203
cg14466759,0.52736145,0.618815738,0.46951391,0.47764262,0.51079825,0.64785806,0.43771128,0.431139647,0.6168635,0.51042535,0.49816779,0.41760436,0.58537926,0.49915005,0.60619772,0.543121744,0.52124646,0.61427855,0.61932338,0.51743532,0.50134409,0.515965613,0.50551238,0.54758726,0.534199,0.47024952,0.57864769,0.55647131,0.4668308,0.48502593,0.54878209,0.50896234,0.54989712,0.59065214,0.6430523,0.70324813,0.65248019,0.60574268,0.54157961,0.52486571,0.66749627,0.478055,0.42750288,0.600437985,0.56523049,0.61243221,0.4655115,0.6994479
cg03986418,0.38056093,0.431049436,0.46227164,0.33053221,0.41033179,0.41773033,0.30907973,0.480100897,0.51793775,0.459826,0.39116964,0.2940239,0.41519063,0.41909578,0.49653945,0.385565313,0.50311203,0.41322561,0.45595855,0.35077605,0.51182197,0.391458235,0.44960095,0.41439837,0.4763268,0.35821727,0.34023355,0.4532294,0.37576104,0.37576945,0.4443938,0.39513423,0.39425163,0.44747774,0.55132723,0.58952278,0.53398058,0.32564484,0.58365085,0.44908896,0.59047304,0.36303535,0.38217968,0.541278709,0.51294926,0.41524636,0.48859127,0.46791825
cg03078141,0.55724535,0.498672635,0.49040419,0.40156658,0.42165258,0.51244702,0.48650729,0.50439809,0.62386553,0.50105407,0.45602538,0.42895868,0.5629432,0.46535677,0.59934353,0.524285921,0.44018167,0.50351549,0.58931775,0.45870387,0.55524922,0.515774727,0.49356719,0.56600177,0.60378729,0.54041044,0.4679779,0.47379091,0.50928285,0.49446068,0.41883556,0.45324183,0.54215116,0.66588525,0.6861447,0.66460734,0.64864865,0.5822169,0.62522025,0.53799178,0.62556785,0.47239387,0.49939247,0.508251748,0.64867803,0.47505987,0.47437117,0.55650576
cg01257194,0.47963444,0.539249601,0.45266106,0.43442163,0.47636329,0.48328042,0.47306811,0.502762431,0.56367598,0.46097723,0.40268797,0.39716934,0.51115385,0.42513882,0.54543794,0.450015902,0.41222326,0.45193929,0.57357612,0.47519582,0.5018339,0.444355484,0.43716305,0.42971164,0.44435564,0.47908416,0.4223474,0.46936759,0.44321705,0.41662255,0.44872045,0.48742595,0.45507749,0.50760366,0.56826858,0.60261661,0.54239863,0.48859975,0.60726073,0.50971694,0.55210104,0.38387259,0.48433904,0.487709905,0.53168904,0.41346154,0.46892168,0.51379389
cg05399718,0.36248964,0.356876986,0.38287293,0.32200802,0.34602829,0.42906458,0.26897986,0.347674165,0.427825,0.34854634,0.34412692,0.29849979,0.4068835,0.36861739,0.43815223,0.374038462,0.33532627,0.32909753,0.4706809,0.31704312,0.38189059,0.36398583,0.32445697,0.37443946,0.43674518,0.36218401,0.35629921,0.36992676,0.32180286,0.32026804,0.31219363,0.35835052,0.35536192,0.44571041,0.45736573,0.48855277,0.43967338,0.37535658,0.44519795,0.40314803,0.44039887,0.30581541,0.39772241,0.386463317,0.45817518,0.33381533,0.37616937,0.38901462
cg10911004,0.36629608,0.313699825,0.31864856,0.26941485,0.18631849,0.45041614,0.18356884,0.24954324,0.27342005,0.27757107,0.22007787,0.38521336,0.47689675,0.2459296,0.35501053,0.290336814,0.306764,0.19038255,0.37113683,0.39541606,0.30728985,0.294292804,0.25061463,0.29148054,0.27158152,0.35475171,0.35307517,0.26100586,0.27520398,0.29930722,0.24138881,0.2009773,0.25303344,0.35092889,0.23947728,0.48993754,0.3256338,0.33298319,0.42138071,0.37667811,0.41182934,0.32780149,0.28185539,0.366435142,0.53945727,0.24384104,0.20484231,0.31387283
cg13062627,0.41942923,0.494754279,0.44247304,0.33834341,0.42090592,0.46715107,0.34858859,0.404984853,0.52325736,0.3951391,0.40739284,0.3342584,0.4824385,0.41306228,0.49174543,0.397459421,0.45487028,0.38492369,0.48310086,0.3965448,0.4469601,0.462274037,0.36169569,0.43495401,0.482782,0.38409889,0.39969222,0.44901635,0.37207285,0.33125634,0.39423077,0.41538462,0.4190355,0.53379138,0.48247536,0.5268003,0.52240276,0.41193048,0.53885927,0.41168289,0.54269792,0.34252591,0.4148117,0.524593064,0.53628295,0.39209949,0.44734589,0.48630343
cg23648516,0.35107046,0.442832765,0.45395034,0.34352287,0.36279958,0.41143498,0.27561137,0.362711214,0.4193404,0.34993218,0.33581165,0.27625616,0.39379845,0.3328841,0.41415141,0.378133103,0.39768945,0.3644878,0.47676391,0.33592777,0.36760386,0.413232305,0.32696652,0.40116521,0.3668483,0.31638418,0.35295272,0.4022793,0.33618331,0.31494696,0.34707123,0.3616897,0.32007022,0.42993921,0.4047619,0.50106965,0.49588323,0.4107986,0.44214694,0.42910603,0.48114599,0.28002502,0.36420355,0.501010101,0.47466415,0.33123312,0.36852134,0.36312653
cg23997887,0.35458123,0.412639405,0.38896508,0.3293604,0.34547614,0.38325248,0.27749238,0.363957597,0.45224748,0.38141583,0.35201379,0.29495852,0.40445635,0.37814946,0.41696351,0.348543689,0.3709236,0.34100279,0.45283997,0.35471182,0.35507246,0.395572863,0.35192863,0.38115046,0.41632136,0.31372061,0.335604,0.40771473,0.32582626,0.28460395,0.35191067,0.36849148,0.33811691,0.42730758,0.43752834,0.45953312,0.43100981,0.31653655,0.46777981,0.38175985,0.4447323,0.30559187,0.3511254,0.445425361,0.45274914,0.35659898,0.37828718,0.35193277
cg12436772,0.45348325,0.406340058,0.34125495,0.34221902,0.23952096,0.56973995,0.32757282,0.447776901,0.6097657,0.40547083,0.48253218,0.26568627,0.54474806,0.29033816,0.59579394,0.496102055,0.33865337,0.30133199,0.51495726,0.3548,0.54181921,0.473368984,0.23479491,0.43982279,0.60331319,0.37951509,0.43835616,0.40220723,0.33634264,0.31038251,0.32955224,0.4158819,0.41495569,0.4953497,0.53005101,0.60708535,0.56302694,0.52450495,0.60956277,0.49906716,0.59314129,0.29024768,0.53345070000000006,0.351732991,0.58392495,0.31032548,0.39486696,0.63760277
cg05467828,0.45493773,0.449185131,0.43122821,0.42041723,0.41591162,0.5301391,0.39006925,0.446835953,0.53168954,0.43535571,0.43868978,0.38371328,0.47647177,0.44223426,0.52376433,0.465684688,0.42659381,0.44926393,0.55223158,0.45707681,0.48442752,0.487472136,0.3986834,0.49037657,0.50441241,0.44611914,0.47720486,0.46692879,0.42858296,0.37987867,0.41986564,0.46127518,0.44022451,0.53584678,0.5359902,0.58315999,0.54176864,0.44337044,0.50024317,0.5034965,0.55592685,0.3956585,0.49577036,0.452532908,0.52681708,0.40676587,0.45353005,0.51336432
cg13939602,0.56741652,0.642280796,0.57162556,0.55713196,0.58576788,0.56482701,0.64997108,0.638497653,0.49926609,0.55918798,0.53374046,0.58446569,0.56624319,0.49477417,0.53184884,0.676117586,0.49770784,0.62867514,0.50343643,0.57889522,0.55043685,0.583784554,0.59085193,0.44782715,0.58766961,0.66272809,0.60223431,0.50568336,0.57179309,0.60821227,0.5843467,0.5828301,0.52536974,0.57504873,0.52783227,0.50227964,0.54568528,0.54705028,0.50247001,0.54579636,0.54418182,0.58748044,0.60369808,0.382640587,0.57765975,0.18842002,0.56574281,0.58921833
cg20663219,0.51174539,0.536194928,0.45982353,0.46947437,0.42520556,0.64035235,0.44369684,0.50452184,0.61201475,0.47691947,0.53590896,0.47257422,0.63018687,0.53385493,0.62934174,0.617325721,0.49675676,0.49629866,0.63433668,0.51972087,0.61295063,0.513165386,0.40668524,0.51493343,0.6546976,0.50207006,0.61636094,0.51691046,0.53069934,0.51260716,0.46559498,0.50159163,0.56317002,0.57947066,0.63098977,0.66283852,0.63560966,0.5566687,0.62780528,0.65350318,0.6392286,0.48030261,0.56303224,0.492220531,0.55643129,0.49131246,0.56915284,0.68724577
cg21331845,0.46235576,0.513114968,0.46910431,0.405657,0.44449878,0.55307567,0.4127321,0.466845878,0.57267222,0.41990471,0.42071935,0.3956044,0.47723292,0.47922157,0.54053333,0.501492856,0.45234493,0.4976146,0.56862962,0.46229913,0.47029219,0.468671679,0.43410755,0.51077788,0.52345196,0.46160909,0.48937426,0.46785792,0.43798178,0.37832832,0.46016681,0.47089769,0.51831921,0.57825421,0.55512137,0.65062477,0.58104006,0.48766985,0.53965714,0.48309794,0.6090854,0.46632612,0.51373068,0.516226913,0.57716082,0.48166667,0.49640436,0.55161145
cg24964130,0.58930345,0.633576199,0.61186829,0.40927258,0.57147989,0.66319186,0.37950994,0.542690986,0.63548635,0.37411133,0.46129518,0.4749344,0.60214067,0.47728117,0.49353105,0.426511572,0.51550336,0.45904059,0.52499366,0.61905556,0.51801802,0.455293276,0.52371946,0.51164505,0.37104708,0.55485353,0.45670021,0.56569611,0.53945496,0.62919642,0.42834537,0.55104327,0.4055821,0.69746665,0.51692602,0.68247146,0.50159044,0.46732895,0.61934707,0.56393076,0.66883869,0.4441208,0.49858182,0.54560968,0.66784038,0.41239284,0.61672196,0.54496114
cg20891481,0.60170006,0.717397223,0.60575327,0.63912887,0.653675,0.59334183,0.68625498,0.692322133,0.61743427,0.63252486,0.58515284,0.67059473,0.61302838,0.60272537,0.57849262,0.602637276,0.56454148,0.64475558,0.51496911,0.71536351,0.5968893,0.60984127,0.64392991,0.5724113,0.63751938,0.6975768,0.61882113,0.5498679,0.64304503,0.67109214,0.56354373,0.62915973,0.61703915,0.62186619,0.62227143,0.61010906,0.5944912,0.63894308,0.60117647,0.62414384,0.59948627,0.62741208,0.64814495,0.502484338,0.60857641,0.62660851,0.60281742,0.63917904
cg03730249,0.50517751,0.445165945,0.46941277,0.40682999,0.4002851,0.48202849,0.34614443,0.45683404,0.58479719,0.46002512,0.47277187,0.42881461,0.47383763,0.43372703,0.44931476,0.462530713,0.49823811,0.36169623,0.50819881,0.45650068,0.40888037,0.488160518,0.34686536,0.46905048,0.54407094,0.40022749,0.43562291,0.4375,0.46386778,0.41178169,0.42464925,0.39928622,0.46372881,0.56340269,0.53460716,0.42046484,0.56826748,0.45732564,0.48307791,0.45101717,0.53329223,0.37805816,0.45021057,0.455159601,0.49551839,0.47178444,0.44326991,0.45734533
cg13629652,0.34527604,0.395911619,0.39044276,0.33324635,0.35145441,0.37870224,0.29058263,0.377731657,0.4553473,0.35963102,0.32607138,0.28989599,0.39361553,0.37821919,0.41127909,0.365824626,0.36745755,0.37853418,0.45870098,0.3429878,0.38012177,0.383117545,0.39254171,0.34617914,0.39388122,0.30098592,0.33869681,0.37896148,0.32251521,0.31156849,0.34840202,0.3909927,0.32765518,0.41869523,0.40297089,0.47060561,0.40038873,0.31967113,0.4432164,0.38673051,0.50267087,0.29328,0.36659208,0.480396203,0.4572969,0.29584882,0.38867071,0.36668441
cg01862311,0.40422886,0.387497811,0.37361459,0.37060661,0.30345205,0.4441437,0.29235812,0.361295357,0.45094108,0.36458788,0.3744285,0.30489489,0.46361269,0.35897436,0.43940724,0.459899749,0.31254686,0.43980913,0.48387946,0.36476801,0.42386576,0.349078727,0.27458356,0.33164912,0.43426249,0.40641007,0.41156555,0.34870244,0.32177657,0.32797672,0.38640351,0.41735415,0.32804569,0.38492151,0.49305741,0.61513203,0.45489199,0.49111448,0.4671209,0.50983758,0.38078926,0.34949337,0.53155948,0.320248232,0.48099657,0.37898499,0.36116053,0.4956308
cg12511310,0.49530363,0.67005832,0.55690652,0.51659824,0.56371672,0.56045678,0.49611642,0.48806467,0.56213078,0.50891932,0.47314649,0.4529936,0.60751615,0.51802516,0.56987349,0.503605423,0.5682862,0.5064605,0.64475555,0.50774793,0.50449454,0.503440485,0.50935994,0.51986994,0.59498613,0.43228988,0.44734598,0.56497978,0.4432565,0.4752225,0.48202436,0.5092829,0.49751758,0.57322006,0.60099954,0.64028932,0.59744084,0.54748062,0.62869592,0.55797933,0.63396829,0.48209293,0.53431748,0.556664638,0.59920016,0.51795598,0.51221287,0.55544287
cg27649971,0.48500187,0.351527737,0.41683201,0.38452333,0.42855106,0.44455413,0.38955563,0.435026139,0.51587422,0.42556282,0.43179,0.33905579,0.5049781,0.41291774,0.51373106,0.504753856,0.3897752,0.38474434,0.53459947,0.35057283,0.48778045,0.3936,0.35538496,0.36356308,0.5546829,0.44310787,0.45032589,0.39080876,0.37318204,0.35697004,0.37838675,0.35740141,0.42074249,0.53328522,0.52356808,0.55,0.49838279,0.52214634,0.53838863,0.48484302,0.51941199,0.37511416,0.42482178,0.299831791,0.49929825,0.37437676,0.44268016,0.52403259
cg12157646,0.42989349,0.38887218,0.39795539,0.25575497,0.32344064,0.47471601,0.21965318,0.344555874,0.42786805,0.19816899,0.32008929,0.34959514,0.41194518,0.23537234,0.32026371,0.247763678,0.24258513,0.27740222,0.26867557,0.4741784,0.32222222,0.265009302,0.24691065,0.30456087,0.16367672,0.3938363,0.24600291,0.36760741,0.35354798,0.39143023,0.28079122,0.32536606,0.18519295,0.5661859,0.34058923,0.52149663,0.33112253,0.33873375,0.46604699,0.38405116,0.52235349,0.24174141,0.28912742,0.275686448,0.56851312,0.21986154,0.40926971,0.4335367
cg05418915,0.29215604,0.307302534,0.26177062,0.27732593,0.25814372,0.32264882,0.26080271,0.272241665,0.39306452,0.29289778,0.28021867,0.23338608,0.30033746,0.31980819,0.33437141,0.32069572,0.31682793,0.3001261,0.29038971,0.28404792,0.29623644,0.291848373,0.23854195,0.27638073,0.38003731,0.23977695,0.26788918,0.33369585,0.33050721,0.27417786,0.30156447,0.30028222,0.35635359,0.31682115,0.3737058,0.3487909,0.35744883,0.24719322,0.33708453,0.25567108,0.34696289,0.307361,0.34662921,0.278807049,0.32260274,0.31631521,0.37752729,0.32253394
cg18695259,0.46818625,0.576648957,0.47127006,0.41877923,0.45967574,0.52104717,0.42937853,0.493472867,0.59333522,0.49011908,0.4605281,0.41178024,0.46354235,0.48998982,0.49818689,0.483931504,0.49391037,0.43610291,0.54609848,0.40584672,0.47321052,0.464655792,0.40497152,0.4878628,0.5296081,0.43508907,0.44129502,0.53476803,0.51259155,0.42987093,0.46140399,0.4710709,0.48411676,0.54199169,0.58139535,0.59029986,0.56024419,0.41019476,0.53689537,0.46114665,0.58027244,0.45565055,0.51402078,0.537315418,0.51980368,0.48825361,0.49972621,0.45600361
cg12361046,0.42929953,0.479774886,0.47120736,0.33387271,0.3876717,0.46670739,0.28878407,0.414405164,0.51522732,0.44588045,0.32340752,0.35107391,0.43719734,0.41442543,0.45875297,0.370624375,0.42691657,0.30845701,0.46282974,0.33297895,0.44774033,0.395381386,0.3275834,0.41206868,0.47358974,0.3585688,0.34540351,0.42748662,0.38256149,0.30868762,0.35504225,0.40272782,0.37125233,0.47986918,0.56281209,0.61976912,0.52101416,0.43822844,0.53068592,0.41569648,0.53382552,0.44416917,0.435542,0.479149632,0.50238854,0.41103984,0.38993711,0.44333158
cg01829163,0.5065995,0.43089024,0.42135599,0.39239618,0.50739735,0.47651087,0.38619332,0.420350157,0.44672477,0.43295339,0.46484375,0.3785725,0.43194012,0.42257468,0.46930336,0.361008059,0.44802848,0.37260172,0.62173606,0.42865133,0.54690317,0.389111337,0.41556304,0.52311585,0.48043362,0.4107292,0.37650926,0.42086196,0.37671272,0.40006887,0.44979091,0.38087345,0.32585743,0.46200045,0.59446755,0.45741056,0.48190144,0.47972687,0.4086917,0.44026269,0.44411765,0.326305,0.37595989,0.527849425,0.50690783,0.43690827,0.39158616,0.41439544
cg21479226,0.35860482,0.328467153,0.48447922,0.54557152,0.57181628,0.42227014,0.55853743,0.264949804,0.30169753,0.31922276,0.37733826,0.56767411,0.44717182,0.31022033,0.42596961,0.482815057,0.30810246,0.35711351,0.45317959,0.30517549,0.58132351,0.235717449,0.3818278,0.50093388,0.33979614,0.65426829,0.43860048,0.45678428,0.47146947,0.24153528,0.36900011,0.44529938,0.61655969,0.29310889,0.54132231,0.41627396,0.3664697,0.53972688,0.54239356,0.44266338,0.1301059,0.42913434,0.45588756,0.307247666,0.29285596,0.44209971,0.51399743,0.34820308
cg21743907,0.53113405,0.501602398,0.45140173,0.43454634,0.49518648,0.53438015,0.55984115,0.329717063,0.3501458,0.55752961,0.48492841,0.63265819,0.54491626,0.45787496,0.54445777,0.576278325,0.49287169,0.49374479,0.46723549,0.43417675,0.47407474,0.179160725,0.59611497,0.51088734,0.54598441,0.64927213,0.55165172,0.37145158,0.52530264,0.28845142,0.33336224,0.4699708,0.57056134,0.43170629,0.49940352,0.62631283,0.42088008,0.56724028,0.58431867,0.57155655,0.32178060000000003,0.30483234,0.42539443,0.369159796,0.39088496,0.6277814,0.51447869,0.4875655
cg12732548,0.51821979,0.582510774,0.53678412,0.45453304,0.51265113,0.53473016,0.42416479,0.496244077,0.58969311,0.46786694,0.4260003,0.45365925,0.53915858,0.48014005,0.52531506,0.482362788,0.54409031,0.5095143,0.57429971,0.50136634,0.47316853,0.491456938,0.50988679,0.50795991,0.51668405,0.48064653,0.46151735,0.49498199,0.46307607,0.47901995000000003,0.43657092,0.5,0.50180699,0.61771973,0.53166364,0.63602433,0.54509468,0.47476428,0.62023217,0.57267976,0.65554963,0.37521968,0.48734986,0.543922446,0.60414144,0.46440129,0.49612403,0.52522478
cg23179456,0.48692457,0.444329303,0.59117647,0.49111687,0.56246435,0.53650527,0.62361573,0.460132426,0.33580269,0.45077228,0.53149572,0.54442905,0.43225596,0.45769962,0.52828869,0.600377003,0.50481389,0.52984989,0.55534709,0.30528602,0.48925339,0.148366996,0.68772277,0.57172869,0.57865807,0.68985915,0.65558318,0.43433396,0.58447081,0.49162195,0.54137154,0.58913968,0.63951534,0.44244052,0.58058845,0.57091954,0.48363444,0.4899491,0.40949593,0.56487832,0.41191381,0.38646441,0.5525403,0.308591993,0.33431785,0.61627526,0.44692634,0.44889367
cg08900316,0.35589562,0.375068443,0.3651506,0.30425139,0.31429454,0.46521086,0.34490161,0.310432773,0.44822104,0.35061863,0.37621387,0.32487096,0.45908669,0.32624616,0.48314262,0.417056353,0.34151222,0.38455822,0.48560948,0.36605891,0.33477084,0.409371868,0.31718526,0.37351859,0.49884508,0.33492412,0.34571346,0.38086941,0.30294508,0.31443197,0.29044382,0.35829347,0.34432234,0.42199701,0.50177107,0.49622926,0.46177322,0.43261631,0.48385321,0.49623305,0.48682935,0.28701354,0.36953305,0.356658228,0.47138264,0.32592101,0.33613169,0.47428361
cg14327359,0.59180918,0.588535712,0.56931632,0.52650581,0.51955513,0.57698315,0.52214375,0.538573604,0.64688552,0.59415416,0.58726087,0.52029731,0.61328966,0.52124476,0.65538622,0.596324324,0.43265273,0.61168941,0.71496102,0.6276437,0.57595812,0.600480322,0.50315956,0.5342266,0.66941639,0.5802533,0.59160751,0.52277923,0.4894023,0.55216569,0.46768289,0.52221791,0.61533607,0.56387116,0.69788326,0.74065623,0.59620653,0.65169928,0.61455504,0.67229611,0.70616856,0.65811078,0.64926009,0.586863221,0.69174194,0.55921115,0.53537479,0.65096062
cg14500070,0.52399909,0.599615631,0.47565725,0.45494813,0.46479415,0.58023592,0.49234739,0.59616764,0.68145323,0.54927426,0.51368278,0.46506376,0.6121807,0.5446642,0.66943886,0.575646123,0.49682087,0.50437718,0.62916622,0.53219234,0.62049901,0.570996348,0.45742483,0.54306723,0.60784507,0.51072148,0.56057846,0.56639048,0.52949935,0.42540767,0.47901928,0.49054917,0.5564285,0.64721485,0.6160848,0.72554636,0.67937839,0.57256036,0.62563034,0.58364608,0.64241141,0.55754339,0.56681055,0.539382397,0.64193518,0.501285,0.5740498,0.66087161
cg01663953,0.28519543,0.383156858,0.39764257,0.29361557,0.33215166,0.29778997,0.25353218,0.315922069,0.37147103,0.30431814,0.29425649,0.28367921,0.33461851,0.35421234,0.39093982,0.309871547,0.3268496,0.35162455,0.45346992,0.30624056,0.33172183,0.33182917,0.31253761,0.31120616,0.32222222,0.26059565,0.2990089,0.38139396,0.28625492,0.26971224,0.36775127,0.35473208,0.29832262,0.39850917,0.36200603,0.41358641,0.37434068,0.30310929,0.41855912,0.36442259,0.39081285,0.28802337,0.34960828,0.404555105,0.41130298,0.30732002,0.30058083,0.33403158
cg00037457,0.52621536,0.403466344,0.39308329,0.48693289,0.60788525,0.37468187,0.68966257,0.308311822,0.3973064,0.52127756,0.58927984,0.63723665,0.53430178,0.45523237,0.50253264,0.556121949,0.46367415,0.63224208,0.51928565,0.38145037,0.4917343,0.246941738,0.56267806,0.54490446,0.27779996,0.59500643,0.52531347,0.45622301,0.5501987,0.42395437,0.49554823,0.60949964,0.54086516,0.58234529,0.49438202,0.3905557,0.47899294,0.60310479,0.48152241,0.58772744,0.23878102,0.39317232,0.61577788,0.275126772,0.4606136,0.61016207,0.42080355,0.42763025
cg25596297,0.46348144,0.377719298,0.48716926,0.45195375,0.51481968,0.49609554,0.64603646,0.580084746,0.41344956,0.49461279,0.52019002,0.59676007,0.38472167,0.45519462,0.49470899,0.542588576,0.38977217,0.48056191,0.4835405,0.52478699,0.48886878,0.29654127,0.53613445,0.45079308,0.39936674,0.58169257,0.50968499,0.49021658,0.55610145,0.32917237,0.48528672,0.5021097,0.57320376,0.46644755,0.44819238,0.48682542,0.49789486,0.50315789,0.44469331,0.5030968,0.38830268,0.35944141,0.53327645,0.387114338,0.34130007,0.50011183,0.47435513,0.52638353
cg10092779,0.57210644,0.603932821,0.53851744,0.46507151,0.48579994,0.59309205,0.54406563,0.533043187,0.63170423,0.54153846,0.5241619,0.55134411,0.62969866,0.47941852,0.58675565,0.600209706,0.40132874,0.59658431,0.67859437,0.57954322,0.55770882,0.563722397,0.58098361,0.57701175,0.54775874,0.61370388,0.53382167,0.4463725,0.48433941,0.4993148,0.49557522,0.4596363,0.60996409,0.66054251,0.68890536,0.71269671,0.64991077,0.59356725,0.71525329,0.5990099,0.7268743,0.51145959,0.54140075,0.50863983,0.71412892,0.49683115,0.55604414,0.66102969
cg12647920,0.47601547,0.555243971,0.4566465,0.37425977,0.39426523,0.59596147,0.36698998,0.48755547,0.6384505,0.44625164,0.40395731,0.34162594,0.51271725,0.42417271,0.5888992,0.507273877,0.43246682,0.43089975,0.6171951,0.39081096,0.48070774,0.447126992,0.37090213,0.49052494,0.53265066,0.43484657,0.47143428,0.50927427,0.41993958,0.37374565,0.42410401,0.42443667,0.4611681,0.59151194,0.629322,0.67055085,0.59076832,0.56305098,0.63922691,0.52836743,0.6006012,0.38644305,0.46354883,0.513669704,0.68207088,0.38100848,0.43528336,0.53199365
cg15582126,0.39669007,0.501580611,0.41868042,0.33571051,0.3367917,0.37194045,0.24417563,0.379772661,0.46453373,0.36495055,0.34186047,0.33877798,0.47721823,0.3690673,0.4012109,0.398500937,0.3569497,0.3721756,0.51757768,0.33896757,0.38404605000000003,0.376266281,0.30977897,0.43761118,0.36915327,0.28552061,0.32207152,0.36060461,0.29252462,0.30043267,0.31332745,0.31684529,0.32913753,0.45240712,0.46194478,0.54556804,0.49927326,0.45602094,0.51022495,0.48942042,0.49188312,0.28192899,0.39049352,0.467824311,0.48771429,0.31864722,0.30194647,0.40503266
cg19234171,0.47342093,0.499289167,0.46302907,0.41767228,0.43080678,0.54299894,0.40821543,0.473121354,0.56434719,0.47400774,0.51531278,0.41650125,0.47477222,0.4990333,0.58303542,0.495839865,0.47765817,0.45392754,0.58403063,0.50786309,0.50842226,0.492847764,0.38018239,0.5144534,0.57269383,0.49179832,0.50219608,0.51460154,0.46825189,0.42907801,0.43437427,0.46469087,0.49817355,0.56110993,0.55569099,0.59130142,0.58234067,0.53032042,0.52244482,0.5329865,0.54317645,0.5047062,0.48354656,0.503496503,0.54262735,0.47525175,0.53759095,0.51984654
cg03105244,0.62971494,0.685746533,0.58526166,0.5794249,0.5849359,0.67033118,0.57156895,0.605278013,0.7310649,0.64543865,0.56945359,0.63993999,0.6824955,0.5560452,0.71562175,0.662190813,0.5888424,0.63013508,0.74121996,0.7784738,0.5984965,0.651908207,0.61309262,0.63013256,0.6409871,0.62918805,0.61001391,0.65341066,0.59958708,0.56073145,0.58122276,0.60585223,0.62450541,0.71389966,0.68989442,0.79873861,0.68532298,0.69183409,0.77276584,0.69398466,0.78863739,0.55057435,0.58985201,0.665874901,0.73195374,0.60142695,0.53811311,0.68830617
cg20555854,0.3231365,0.407875895,0.40517535,0.35431723,0.35358255,0.35585663,0.2548021,0.366058906,0.49799398,0.33566792,0.35846062,0.292048,0.35638617,0.3734841,0.42949607,0.321642911,0.41460502,0.36230248,0.47599085,0.34581627,0.3579293,0.414035088,0.32279148,0.36361852,0.37214612,0.30769231,0.33029909,0.43621966,0.33246114,0.28528768,0.36488439,0.36296296,0.31638116,0.42129826,0.43251534,0.48306053,0.4078195,0.32609482,0.45811812,0.36629002,0.47247068,0.27013233,0.37023562,0.48397943,0.45249852,0.312313,0.3128179,0.35259617
cg13923497,0.42827476,0.437691664,0.44914156,0.28962411,0.36186998,0.40868288,0.3003349,0.419285991,0.50362662,0.46050646,0.36868457,0.38621359,0.48143664,0.36168821,0.41990327,0.462836225,0.38078358,0.34614563,0.47991222,0.40079551,0.45473552,0.391330985,0.33733253,0.35054348,0.38530759,0.31867112,0.33445775,0.37800511999999997,0.32317704,0.30783309,0.3681927,0.43447545,0.35611102,0.42426863,0.42541436,0.51602331,0.48851549,0.4125,0.57342929,0.3951384,0.51069029,0.27932844,0.35067007,0.481433506,0.50706897,0.33732057,0.39648599,0.4788975
cg14993900,0.42096233,0.236319459,0.28236131,0.34940304,0.30368497,0.47001366,0.3156454,0.305049141,0.41938904,0.32613871,0.37175947,0.38892969,0.40156432,0.35374601,0.44873763,0.348699764,0.30764235,0.32261021,0.46148724,0.39864414,0.42906603,0.345470815,0.27628141,0.40386879999999997,0.4119044,0.33252362,0.40272955,0.33021969,0.32651822,0.33945414,0.27717813,0.34053558,0.36624776,0.45812207,0.49056089,0.59232835,0.42824972,0.54332487,0.48125116,0.56596614,0.45656049,0.2929596,0.29892005,0.366894051,0.39099688,0.33797181,0.27861272,0.50428415
cg01839603,0.32626392,0.332999332,0.33071308,0.28469751,0.30489932,0.34258166,0.23696989,0.335204082,0.35283019,0.29438669,0.32546201,0.22259615,0.4120514,0.300522,0.36613757,0.364229471,0.28262579,0.32378493,0.44608352,0.37003441,0.30389016,0.333224436,0.28962054,0.3587864,0.34424242,0.27545803,0.26365348,0.34036263,0.29890072,0.27047146,0.3369092,0.35930641,0.28899682,0.33643296,0.40167031,0.49212798,0.37846425,0.33990967,0.47883674,0.40536048,0.34341943,0.25343986,0.31984547,0.382506853,0.39429869,0.25017718,0.25982873,0.34549098
cg15133351,0.47775599,0.253485425,0.42430503,0.49149311,0.45926707,0.39251691,0.47347807,0.35007278,0.28742625,0.3123677,0.20400697,0.60798794,0.25887522,0.31080645,0.34491239,0.352326531,0.42567853,0.40758294,0.33246073,0.15238748,0.43582751,0.130249936,0.49335489,0.34356929,0.36634412,0.48954509,0.49671695,0.47990081,0.3427829,0.28283379,0.33719631,0.5052808,0.47181664,0.248233,0.27348578,0.42857143,0.44802343,0.35888042,0.44278944,0.48900367,0.1127193,0.1121722,0.35222742,0.215895197,0.1226806,0.40496823,0.35911252,0.32100329
cg26548682,0.48226669,0.454276316,0.43316789,0.39164599,0.35802469,0.45810262,0.32022288,0.415670103,0.48645254,0.39166494,0.39966635,0.3568161,0.4607978,0.38486016,0.48944782,0.393997041,0.35930018,0.37328139,0.5349406,0.41218087,0.36343064,0.410855263,0.37436655,0.43702929,0.44520016,0.33934252,0.39743855,0.42420213,0.37290168,0.36114286,0.3922754,0.40292581,0.3509055,0.45327965,0.44049941,0.53708717,0.48167107,0.41641939,0.53874922,0.47467763,0.51577831,0.36005529,0.4113438,0.491845899,0.51742835,0.38345705,0.41072458,0.45208209
cg10440877,0.48956626,0.474908648,0.48406212,0.45019179,0.4312352,0.49315914,0.43002046,0.459382933,0.55257373,0.43824505,0.4502924,0.45780969,0.55455419,0.44220638,0.50879293,0.520461155,0.45971191,0.50923728,0.62185318,0.52604305,0.49702073,0.472390244,0.46395806,0.45495552,0.54181329,0.44967956,0.45106862,0.48520332,0.42600561,0.4368932,0.45888948,0.47574544,0.48783841,0.52961341,0.55475819,0.62328346,0.59279156,0.55753732,0.6379331,0.59745152,0.55828946,0.39052606,0.45868665,0.485908276,0.61124013,0.39324442,0.46354167,0.53011915
