"","log2FoldChange","padj"
"NTPCR",-0.03958222411208,0.79
"AC007038.7",0.18343236374932,0.71
"TNFSF4",0.04544246582897,0.95
"CTC-366B18.4",0.53994064786087,0.16
"NRBF2P5",0.41817806248302,0.51
"CSPG4P5",-0.74051119650019,0.07
"TOX2",-0.05214278777694,0.95
"DENND4B",-0.04779844451371,0.89
"CDC42EP2",-1.23689311941906,0
"NDOR1",-0.33445249229477,0.49
"HNRNPA2B1",0.0864062606553,0.68
"RP5-1014C4.3",0.29191100775022,0.25
"TPP2",-0.12608376298613,0.43
"RP11-496I9.1",-0.04790481930956,0.94
"ROBO3",-0.19087347121594,0.58
"LA16c-313D11.12",-0.16085809546425,0.77
"ZNF615",0.07755615071327,0.83
"BCAT2",-0.22443732776217,0.59
"ANKRD62P1-PARP4P3",0.22928148409059,0.75
"RP11-294L13.1",-0.33568195687324,0.58
"ZNF644",-0.00647798299746,0.98
"LINC00313",-0.17555534980255,0.82
"CDK14",-0.11979893004261,0.62
"CTNNAL1",-0.31944981273449,0.02
"ACSL6",0.14742246140103,0.7
"ARFRP1",-0.17870608372505,0.68
"MT-TL1",0.77023934921671,0
"AC068039.4",0.88864256487069,0
"FAM228B",0.29806364692811,0.06
"SYTL1",-0.42477157295341,0.26
"CTD-2287O16.1",0.08207009168731,0.77
"RP11-612B6.2",0.16180644289339,0.8
"NDUFA5P11",0.10932733194603,0.75
"GTF3C4",-0.19324855402364,0.57
"LINC00116",-0.29824669247703,0.61
"FAM161B",0.20755363866718,0.3
"ASPRV1",0.20325112352276,0.52
"RRAS",-0.21087700610943,0.72
"FHP1",0.03601565839476,0.93
"ZYX",-0.004901715047,0.99
"C8orf58",0.07350565103598,0.8
"BUD13",-0.03682533433946,0.85
"CWC27",-0.10386822083659,0.61
"ZNF530",0.25094850909102,0.19
"FKBP4P1",-0.2938674327452,0.5
"GNAT2",0.04895721349391,0.95
"KCNS1",-0.46492672492731,0.24
"PIGS",-0.07048479517278,0.67
"RFTN1",-0.38621668648967,0.05
"SEC24D",-0.52869105983376,0
"GSTM2P1",-0.1602529050388,0.59
"AUP1",0.13678253753353,0.5
"FAM120A",-0.16845161319166,0.04
"H2AFZP1",0.19740487783684,0.77
"CD101",0.04639410153962,0.92
"RP11-219B17.1",-0.06240739360397,0.94
"RP11-96K19.4",0.27605688611288,0.66
"LURAP1L",-0.62520517901446,0
"HCG4P3",0.0273159695971,0.97
"NFIC",-0.42177773637195,0.31
"GNPTAB",0.19411834324821,0.64
"RP11-274E7.2",0.33665991799063,0.4
"RNASEL",-0.09616297237715,0.88
"C17orf67",-0.37272663029038,0.39
"CFDP1",0.11807664154412,0.6
"PLK3",-0.10139315657528,0.79
"RP11-195F19.5",-0.04959541686776,0.95
"GLI2",-0.33352345866003,0.1
"RP11-512F24.1",-0.25561503971516,0.13
"FAM120B",-0.11867863840823,0.43
"METTL21D",0.2976679300828,0.05
"COBL",0.11158777536178,0.69
"GATM",-0.11850702262403,0.56
"EPB41L2",-0.31644858408211,0.03
"ARHGAP1",-0.11153007106834,0.69
"SLC22A17",-0.14057600998404,0.78
"KPNA4",0.01312199006751,0.96
"KLHL31",-0.03272123838343,0.96
"RP11-10G12.1",0.3886682168955,0.56
"ZNF576",-0.17227239452983,0.42
"RDH13",-0.16366575598154,0.52
"LDHAP2",-0.24094741883942,0.55
"HIPK3",-0.01442645865498,0.97
"PCSK6",-0.64256074189776,0.01
"TFPT",-0.09915288711541,0.89
"YES1",-0.37715317098025,0.04
"NPTX2",0.06596868777861,0.86
"ZNF517",0.02930457336008,0.92
"CDC26",-0.08211602690771,0.88
"RCC2P7",-0.8606120503725,0.03
"RP11-203M5.7",0.10624737516282,0.82
"CDC123",-0.00873446655655,0.97
"TUSC5",-0.02711464442613,0.96
"WDR31",0.00197357621949,1
"KLHL28",-0.15616977108811,0.59
"RGS8",-0.3095202370581,0.48
"MXI1",0.08365430047498,0.59
"RP11-111A22.1",0.3671389762932,0.47
"IFT140",-0.24208616029596,0.44
"ARID5B",-0.76591514581758,0
"DNAJC2",0.06699804603474,0.77
"HSF2BP",-0.24179370449995,0.69
"CLTA",0.02501023958414,0.95
"FDX1",0.19973411261101,0.47
"FASTKD2",-0.13903992057485,0.37
"BTAF1",0.10669288111429,0.57
"ZNF599",0.16232137324742,0.37
"C9orf37",-0.23220636352668,0.41
"AP000473.5",0.1782458741347,0.71
"ARHGEF38",0.0897277890445,0.9
"SHANK3",-0.13437169200745,0.76
"TMEM221",0.25816403506898,0.68
"ZHX2",-0.33901693429405,0.11
"KLHL7-AS1",0.16688628478009,0.79
"CTC-471J1.10",0.19386321332466,0.74
"PURA",0.01771468666228,0.96
"TMEM54",-0.2345347074887,0.71
"DCAF15",-0.16306306618774,0.74
"TRIM65",-0.05789491159218,0.85
"DDX11-AS1",0.19434681594151,0.72
"ASH2L",-0.03392878562914,0.83
"MPP5",-0.40626804358506,0.03
"FBLL1",-0.25882994462949,0.67
"IGSF10",-0.30639351511075,0.49
"OSGEP",0.26802873078291,0.01
"CTB-131K11.1",-0.05046832594666,0.85
"COLQ",0.40378031806546,0.06
"ZNF286B",0.18568845215988,0.39
"LSM1",0.12788999070174,0.72
"ASB14",0.38644597697889,0.21
"KCND2",0.09115826738936,0.88
"CHMP7",-0.16552243363929,0.05
"OVGP1",0.84764027361531,0
"CDK5RAP1",0.18353378966343,0.21
"KANK2",-0.55324017900511,0.01
"PSME2P2",0.26110322747372,0.41
"DGCR8",0.12066486245212,0.52
"HEMK1",-0.10442362523779,0.67
"CBX5P1",-0.49319547033791,0.36
"ABCE1",-0.0935321073087,0.62
"ZNF654",0.16814727309506,0.27
"PRDX3",-0.10936190736521,0.51
"FH",-0.04942454655428,0.82
"BASP1",0.03617390053493,0.9
"SELT",-0.05616850158395,0.81
"NPTXR",-0.22850924751522,0.56
"RP11-318M2.2",-0.18352000524847,0.59
"SLC30A7",-0.13043023919141,0.75
"RPS4XP1",0.20820969744682,0.51
"FAM78B",-0.22229683039803,0.13
"PDXP",-0.62505272188441,0.22
"ABCC9",-0.69041439534323,0
"MTL5",-0.15629526752787,0.82
"ABHD6",0.10796915620294,0.49
"HJURP",-1.36562851541973,0
"NHLRC3",0.07084705475877,0.84
"CRYBA1",0.41641516580457,0.03
"ST5",-0.29829296727335,0.31
"GPATCH1",0.1043493539957,0.57
"GINS4",-0.70456946874802,0
"MTAP",-0.19370251600806,0.15
"CCDC51",-0.01551862117516,0.96
"C20orf144",-0.42846061071942,0.49
"WWC2",-0.59265202172944,0
"CASP2",0.04695355832231,0.83
"NAMPTL",-0.2013539166691,0.56
"LGALS9",-0.32862461482707,0.46
"GPN2",0.15398097822778,0.09
"GABRB3",-0.26460606054035,0.44
"CPA2",-0.10668273685562,0.89
"RNF126",-0.37806424167456,0.44
"P4HA2",0.00087568852863,1
"CTC-786C10.1",-0.88600434980486,0.02
"AC084018.1",0.05847522734874,0.91
"KCNQ2",-0.54585349617858,0.15
"FGFRL1",-0.35684096203023,0.22
"DHCR7",-0.32050025254451,0.2
"ZNF677",-0.19321778597144,0.55
"RABEP1",0.08700722265585,0.57
"NRXN2",-0.1542475234829,0.69
"C14orf166",0.10698259683425,0.71
"BAIAP2",-0.18514707010731,0.64
"DHX32",-0.05030358338054,0.8
"FAM172A",-0.10024671921894,0.76
"RP11-950C14.3",0.25335668853833,0.67
"CPSF6",-0.1728846246651,0.31
"ZNF134",0.13442739804085,0.57
"GNS",-0.25481885270501,0.3
"SLC7A10",0.06436811489319,0.92
"PMS2CL",-0.00445372895623,0.99
"ZFHX3",0.06923007413997,0.89
"AC005255.3",-0.11402685397535,0.6
"FMR1",-0.07172637340582,0.73
"MAPK8IP2",-0.14965544309307,0.71
"DVL3",-0.05844929225942,0.77
"TVP23C",0.22782968151181,0.64
"SETD7",-0.07569072081913,0.88
"APLP2",-0.24946207726057,0.17
"CHMP4A",0.31080813242044,0.14
"RP11-363L24.2",-0.33105213287586,0.58
"TF",-0.68971432168199,0.02
"CCDC7",0.12886972365369,0.71
"NPDC1",-0.09966246426932,0.89
"FAM134C",0.05213704054611,0.8
"RP11-631M6.2",-0.17805018458108,0.81
"RP11-108K14.4",0.3428696169781,0.24
"GNRHR2",0.02011183343696,0.97
"RP5-864K19.4",-0.12531153925578,0.85
"CSNK1E",-0.13383598849162,0.66
"RNF141",0.07236651129723,0.75
"IPP",-0.16854801643051,0.52
"GATC",-0.10990673294492,0.61
"CDKN1A",0.00523067003306,0.98
"POM121B",-0.4243773590872,0.49
"RP5-961K14.1",-0.35719530794451,0.31
"TINF2",0.07713688834096,0.53
"CYB5B",-0.02445327749483,0.88
"RP11-242D8.1",0.2082325190955,0.61
"NACC1",-0.58057359458443,0.11
"C21orf59",0.52177940749124,0
"CTD-2619J13.19",0.2988444163502,0.5
"GLOD4",0.19783327004531,0.23
"SLC13A4",0.46485250310459,0.03
"RP5-935K16.1",0.07126492464354,0.74
"FAM203A",-0.4790201084958,0.41
"AATK",-0.53647204272988,0.28
"DCP1A",0.04328251065445,0.89
"DHRS4-AS1",-0.01648419326169,0.96
"RP4-758J18.2",-0.24226560029235,0.56
"CCDC88A",-0.02829698108097,0.93
"ATP8A2",0.38020520176443,0.37
"MED14",0.0787227852342,0.57
"PRPS1",-0.08550562400665,0.59
"NKAIN4",-0.20487143885732,0.69
"FBXL19-AS1",-0.28655555590427,0.24
"ANP32AP1",-0.21155724336974,0.33
"BRCA2",-1.5206699238773,0
"RP11-214K3.24",-0.0494201449892,0.95
"NLRP2",-0.30867913962135,0.06
"RP11-118M9.3",-0.4491883785499,0.41
"LPP",-0.0218981896443,0.96
"ALDH8A1",0.88871456030111,0
"MFAP4",-0.81943409849084,0
"SOCS5P4",0.04487814867359,0.96
"RPL27AP",0.1542572550695,0.68
"RP11-996F15.2",0.21601162206442,0.68
"AC093110.3",-0.13014693128393,0.86
"C17orf97",0.20180935420631,0.58
"RPS4X",0.08629440006289,0.74
"MED6",0.12540500523093,0.55
"CXADR",0.04646683728634,0.91
"C17orf53",-0.29550423973605,0.39
"C12orf52",-0.18402789453717,0.55
"HLA-L",-0.19158550742669,0.61
"TPCN2",0.10288479123381,0.75
"RAC1",0.09546792080635,0.66
"SUGP2",-0.18932161701173,0.48
"HNRNPA1P27",0.25085345557948,0.73
"CEBPD",0.34781818252292,0.4
"FAM96A",0.04398130867684,0.92
"ZNF277",-0.14930421008822,0.4
"MTATP6P1",0.74119881794105,0.05
"ZNF766",0.2426051027436,0.04
"RP11-849H4.2",0.09089328890082,0.87
"QRSL1P1",-0.22489374893241,0.71
"ADAP1",-0.25335559792133,0.63
"PIAS4",-0.43819747265936,0.15
"C7orf25",-0.03671662982993,0.95
"NCR3LG1",-0.72976749197565,0.04
"RNPS1",-0.14300906650788,0.6
"NCBP1",-0.14710440854999,0.56
"CILP",0.66914661387593,0.01
"IPO7P2",-0.58924925766529,0.01
"GNPNAT1",-0.45924668706756,0
"PELO",-0.08834560255472,0.67
"RP11-782C8.2",0.44542087375067,0.42
"CTD-2619J13.17",-0.04134467160615,0.94
"NME4",-0.09639991520625,0.85
"AC000068.5",0.11728448716697,0.79
"CTC-308K20.1",0.57773667177691,0.26
"SGSM3",-0.14595506821852,0.79
"NPPA-AS1",0.5406421959435,0.05
"ST3GAL3",-0.05921528532479,0.89
"FBXL13",0.14391768498751,0.78
"CARD14",0.34868401923789,0.41
"DMD",-0.14215063471789,0.67
"RP11-196G11.2",0.60191674625053,0.21
"RNA5SP508",0.00331204277008,1
"TMEM25",0.13332614646866,0.56
"TPM1",0.25929531762521,0.01
"SNAPC1",-0.10515770464716,0.75
"CD58",0.05578494354883,0.9
"UBE2E1",0.10290820640046,0.7
"KCNK9",-0.30731844326445,0.16
"RIMKLBP1",-0.19567428611079,0.77
"ABHD17B",0.0107214491226,0.96
"TMEM201",-0.50992575825039,0.06
"FKBP8",-0.30304895646487,0.58
"ZNF503-AS2",0.14167180259695,0.82
"ATP5H",0.22996322260983,0.27
"USP45",0.27803826945057,0.05
"PRCD",-0.05718117688033,0.9
"RP13-15E13.1",-0.14832155442545,0.79
"FTX",0.01651957198082,0.97
"NAT10",-0.18848433671954,0.24
"CSNK1A1P3",0.38007615811409,0.27
"GPR27",0.2505669263661,0.05
"RP11-435F17.3",-0.07935917481075,0.72
"ZNF844",0.36283737826165,0.41
"VAMP2",0.28654236085945,0
"JSRP1",-0.55131887576489,0.35
"AC007229.3",0.2155917630249,0.55
"NTSR1",-0.2474490902078,0.52
"SHF",-0.24770227744739,0.35
"KIAA1324L",0.05973723558809,0.88
"FLNB-AS1",0.16301386345081,0.66
"FKBP11",0.63198542816575,0
"RP11-856M7.1",-0.13213521386117,0.85
"SMCR7L",-0.18563493444124,0.33
"ABCA7",-0.06212005655924,0.93
"DOM3Z",0.03308015829008,0.93
"USP24",0.13080582129619,0.53
"PKMP3",0.81892462018429,0
"CILP2",-0.24756796938223,0.46
"DDX19B",0.15866263947861,0.25
"C19orf60",-0.06898472097568,0.91
"NR2C2AP",-0.12173791161447,0.7
"DUSP1",0.21669842479567,0.02
"MAPK14",-0.03431952043191,0.9
"C19orf44",-0.17651313643196,0.59
"MED13L",-0.0695916059112,0.87
"RP11-873E20.1",-0.05895471825869,0.92
"SLC23A2",0.02810798612735,0.95
"IGIP",0.89193965043576,0
"CDYL",-0.17794585702191,0.11
"DICER1",-0.11316855227316,0.78
"YEATS2",-0.00227661004865,0.99
"RASGEF1C",-0.10132958555886,0.81
"FOXP3",-0.05522040037091,0.95
"FAM57B",-0.07054332342438,0.91
"RTDR1",0.46601675237906,0.39
"CTAGE5",-0.29741274437294,0.55
"CAMK2G",0.10706362337829,0.46
"LETMD1",0.1533202118927,0.14
"DRAXIN",-0.2407275709131,0.38
"MRPS7",-0.04498408883955,0.87
"RP11-122A3.2",-0.32384331196075,0.39
"ANTXR1",-0.54285011082568,0.01
"SCRT2",-0.05891577442198,0.87
"ATP6V1H",0.19776937080991,0.06
"NRG2",-0.20390755011097,0.6
"DCP1B",-0.14417195924357,0.43
"ZNF585A",-0.03695465921959,0.94
"ACE",-0.2130719588932,0.72
"SRCIN1",-0.12602759182146,0.75
"INTS10",-0.04355567725204,0.75
"EPC2",-0.01885594100107,0.95
"SLX4",-0.19828248074289,0.49
"MAP6",0.3064282101539,0
"CCDC8",-0.51673259385774,0.02
"BOLA1",-0.11565913439754,0.86
"FAM13A-AS1",0.54134406477189,0.08
"RASD1",-0.57606222155438,0.09
"CTC-425O23.2",-0.33057319813666,0.6
"TRIM39",0.09416064888427,0.64
"METTL18",-0.02328242746196,0.96
"PTCD1",-0.09725689380608,0.76
"RSPH3",0.0106959528429,0.98
"DISC1",0.09067294089341,0.75
"NDUFB3",0.25317403430717,0.39
"C14orf144",-0.08748953435414,0.87
"BMP3",-0.61033365140892,0.06
"DNAJC27",0.19635553200033,0.54
"BRAP",-0.05227367750939,0.76
"TNFRSF18",-0.87739594259175,0.06
"AAAS",-0.10236374867235,0.71
"ZNF217",-0.25687268652104,0.24
"RPP25L",-0.31613645004063,0.41
"CHKB",0.30465348745494,0.26
"SPTLC2",-0.25904216712293,0.5
"EIF4EBP2",-0.143920017915,0.6
"ATXN10",0.0944970152935,0.58
"CTTNBP2NL",-0.038293330614,0.91
"CDADC1",0.10005797280821,0.69
"IL11RA",0.39116906784445,0.17
"GAN",-0.44020122671401,0.23
"JRKL",0.10241455310958,0.73
"RUNDC3B",0.35454274297858,0.04
"TYMS",-1.316908200169,0
"ARMCX3",0.13151244648839,0.35
"GAS5-AS1",0.2071654089013,0.69
"RNF103",0.17669884431375,0.39
"RPL34P27",0.20275536959728,0.42
"OSBPL5",-0.4234545899864,0.28
"ITGA9",-1.33275466695784,0
"LDHAP7",-0.37858144064389,0.11
"MED17",0.06628641138087,0.7
"MT-ND5",0.79379952575278,0
"PDIA5",-0.05305669232324,0.85
"CDC14B",-0.00975510321274,0.97
"SNORD59A",0.27445580323847,0.61
"TMEM255A",0.43015041104882,0.08
"CNTN5",0.04765483995167,0.93
"ZCCHC14",0.00656383793246,0.98
"BBS1",0.20938477087187,0.32
"ARHGEF18",-0.16171610205437,0.7
"PPIAP29",0.26754729979407,0.67
"OGDH",-0.45073733739238,0.03
"EPHA10",0.4141411592293,0.25
"PIWIL4",0.16949559098317,0.77
"CTB-43E15.3",0.05118087519246,0.95
"RACGAP1",-0.67671704821528,0
"HMCN2",-0.24433732506785,0.67
"KIAA0556",-0.10429372088262,0.74
"NFATC3",-0.61026617121546,0
"SDCBPP1",0.01998328548053,0.97
"GPX8",-0.37079947149956,0
"DHX37",-0.46935013885839,0.13
"GRASP",-0.12319916775066,0.8
"HNRNPH1P3",-0.00968630204856,0.97
"SMYD2",0.17143192758079,0.03
"CTD-2302E22.5",-0.65338256162614,0.15
"FLJ00418",0.02869254622714,0.97
"STARD3NL",0.17827953886555,0.14
"OS9",-0.12311216499892,0.6
"WDR12",-0.16437097458402,0.24
"CCDC78",-0.61791535784112,0.08
"PSMG3-AS1",0.03307540634609,0.93
"PIDD",-0.31543804502777,0.6
"PPCS",0.1844553959327,0.43
"MEX3C",-0.09446702069516,0.71
"TIGD6",-0.06504718703308,0.82
"ASAP3",0.11383355124943,0.66
"ABCA2",-0.33367590878221,0.46
"KDM4B",-0.18586851739761,0.5
"CCDC40",0.30530934173156,0.16
"PAM",-0.0833375522262,0.67
"FAM47E-STBD1",-0.35270598332152,0.46
"LENG9",-0.39445588127329,0.49
"MBLAC2",-0.18611371607036,0.32
"DOPEY2",0.137537191023,0.47
"MIR7-3HG",0.46619929490133,0.23
"SAC3D1",-0.39628580857999,0.34
"HPCAL1",0.11410432589001,0.81
"GTF3C5",-0.15457001583061,0.69
"MAPK13",0.36676014671191,0.37
"RP11-420K14.6",-0.2076177036336,0.74
"KCNK5",-1.01591817737885,0
"ZNF2",-0.05201804434633,0.81
"RP11-394I13.2",0.52945654167848,0.28
"MED8",0.10134822797109,0.57
"WNT7B",-0.49065298129616,0.33
"FBXL17",-0.13986106453343,0.49
"LOXL1",-0.34927650562728,0.3
"ENOX1",0.03878334055492,0.85
"PDE1B",0.58795001658415,0.26
"DAO",0.14278140110188,0.85
"RP11-8P11.3",-0.05880112741425,0.9
"EIF5",-0.17214666443394,0.25
"SPRY1",-0.07205689609373,0.82
"PCDHB11",-0.44575006565987,0.18
"NCOA6",-0.05647072536188,0.77
"VPS4A",0.02196319987168,0.95
"CXorf56",0.15243589149925,0.5
"LTB4R2",-0.20163997787173,0.63
"FAM21B",0.11172142623578,0.67
"DYRK2",-0.23950517956705,0.28
"KDM3A",0.11096753541127,0.52
"ASIC3",0.22102883569138,0.68
"CDKN2D",0.1964472770424,0.58
"MRPL38",-0.03281457944207,0.95
"ABCC5",0.14851842167398,0.53
"SDHCP4",-0.48025407401651,0.23
"CTC-205M6.5",-0.08461101617493,0.89
"RP11-871F6.2",-0.47095393402328,0.42
"CBX7",0.15371185788687,0.66
"SLC18B1",-0.06114870552891,0.75
"ARMC2",0.19179221395727,0.48
"EPHB4",-1.2802962579381,0
"CTB-176F20.3",1.17871412378016,0
"RPS14",-0.06008383145323,0.88
"BCAS2",0.07565350089104,0.8
"ARHGEF10",-0.14325544248932,0.46
"AKR7L",0.8555205282112,0
"SNORD116-21",-0.16960655321474,0.75
"ST6GAL2",-0.37202830136568,0.14
"RP11-423F24.3",-0.05283372967751,0.91
"ITGA3",-0.00804407422815,0.99
"PELP1",-0.31323780242508,0.28
"PEG3",0.18264582003058,0.64
"TMEM110-MUSTN1",0.03168762351672,0.97
"KIAA1644",-0.04207376093868,0.93
"CAPZA2",0.01400769366468,0.95
"ARMCX5",0.28496942325953,0.05
"GPR56",-0.2327194016402,0.48
"RP11-395P16.1",-0.27930610736193,0.6
"BCAP31",-0.02676298630412,0.91
"TBC1D22B",0.02020266779704,0.94
"CSPG5",-0.12852286095709,0.81
"UPRT",0.16769268205509,0.19
"NUB1",-0.05141444869232,0.71
"KIAA1731",0.0978001022221,0.58
"NNAT",-0.70913216290305,0.12
"MTHFS",0.15266436361481,0.75
"AP000487.6",-0.00182078450066,1
"NEUROG2",0.20109130041756,0.63
"HN1",0.14529347219012,0.48
"CCDC169",0.12722346776624,0.78
"KCNT1",-0.13789367775938,0.76
"TMEM41B",0.02511097524237,0.94
"MMS22L",-0.36550134505048,0.08
"KIAA1109",0.02793767684055,0.93
"PPP2R1A",-0.16141423290217,0.62
"AC105020.1",0.62836356856904,0
"CTD-2314G24.2",-0.24661701436319,0.71
"TAS2R5",0.58351417895468,0.01
"ATG9A",-0.24141413511922,0.47
"MAP2K7",-0.32097482242406,0.17
"RP11-49K24.8",-0.17905634614071,0.81
"CCDC13-AS1",0.26467536884609,0.62
"AC074212.6",0.42732365925696,0.25
"MARK3",0.08176156458017,0.44
"TSN",-0.04230000576594,0.8
"LL0XNC01-250H12.3",-0.06435094827645,0.94
"CLK3",0.04193452209108,0.89
"RP11-325E14.2",-0.15666225474041,0.82
"GORAB",0.16257905750873,0.39
"INTS3",0.08853747858117,0.44
"STXBP2",-0.09603957246848,0.89
"C12orf75",-0.06884675834253,0.87
"SLC23A3",0.13737190784724,0.81
"PREPL",-0.0920533137236,0.75
"KIF12",-0.61174526910844,0.16
"ZMYM4",-0.10351239723305,0.7
"OGFOD1",0.03680745675252,0.84
"SYPL2",0.0124672671854,0.98
"ELMO3",-0.04775457518728,0.95
"RP11-66N5.2",-0.16295948471324,0.78
"RP11-1148O4.1",0.26578659179362,0.28
"TRAK2",0.08232785517819,0.79
"FTH1",-0.13934706203709,0.83
"ZDHHC6",0.20569792218455,0.17
"DHRS4L2",0.27669254087765,0.45
"TMEM177",-0.3067603430106,0.3
"RP5-1129J21.3",0.38893973932031,0.14
"ZNF570",-0.16882135246953,0.61
"NFKB1",-0.32993835392769,0.02
"AP001625.6",0.60533501000155,0.19
"USP35",0.11164904663466,0.72
"UBALD2",-0.11252117348841,0.74
"FAM214B",0.15388724616981,0.38
"TMEM216",0.01024185988089,0.97
"DUSP16",-0.08903644752229,0.75
"ERC2",0.1825483249208,0.49
"C22orf43",0.15389565240695,0.77
"PARP12",0.33960384982831,0.49
"BOLA3",0.13157880574353,0.74
"RP11-173G21.1",-0.10468925503239,0.88
"DKFZP761J1410",-0.07509267583219,0.83
"RP11-55K13.1",0.27782485964774,0.62
"UQCR11",0.13212772863774,0.74
"SC5D",-0.14103278206749,0.5
"LPCAT4",0.22507720726163,0.39
"RHOG",-0.28280510100399,0.45
"NDUFS1",-0.10279363559736,0.56
"FAF1",-0.08293753027397,0.61
"ASAH2",0.26144943127191,0.68
"CAMTA1",0.45157166543632,0
"RPL13P5",0.26045313098442,0.55
"ACO2",-0.38360051762779,0.14
"METTL9",0.11005971524747,0.49
"DNPEP",-0.14815875466426,0.59
"PRIM1",-0.50093001406185,0
"RELA",-0.02169542534112,0.95
"SHKBP1",-0.34944580464944,0.34
"OSTCP4",-0.04102990026863,0.94
"RP11-793H13.11",0.27523079158554,0.47
"SNORD94",0.1669200255211,0.81
"PDE2A",-0.029465993581,0.93
"RP11-75A9.3",-0.03591238683432,0.96
"DNAH12",0.56097608937652,0.12
"AP000351.10",0.51397741314288,0.32
"GAS2L1",-0.52059177208734,0.18
"SOD1",0.06605796766869,0.88
"ZNF703",-0.19121669917107,0.62
"RXFP2",-0.16802383050016,0.82
"LHPP",-0.00436322205935,0.99
"CCBL2",0.16085546519414,0.51
"BCO2",0.63563949373891,0.01
"EDARADD",-0.52387785496427,0.21
"ASB18",0.32686437526213,0.48
"PTPLAD2",0.43240201983732,0.46
"MORN3",0.2121183709683,0.66
"PCNPP1",-0.00411933190681,0.99
"VTI1B",0.09875073666828,0.55
"RP11-69L16.5",0.04035305557828,0.86
"PYGM",0.08302605028483,0.79
"RAB40B",0.3041043071443,0.08
"AC008850.3",0.17470428593691,0.71
"CSTF1",-0.1013865144032,0.35
"CRNDE",0.32155060249153,0.02
"MIR4426",0.0903971560096,0.82
"MRPL14",-0.09974799656777,0.75
"DLAT",0.00203153279897,0.99
"TOPBP1",-0.02395671812044,0.93
"ACRBP",0.34989341381426,0.22
"SPICE1",-0.2533689440014,0.25
"ELK4",-0.09846627200525,0.83
"RP11-797A18.4",0.20428422429552,0.68
"RNF152",-0.03746254193354,0.96
"SLC6A16",0.37652700275454,0
"COX19",-0.18522099150453,0.37
"MAU2",-0.15729696808666,0.67
"MMS19",0.19586608930283,0.08
"ARNT",-0.08869724867661,0.73
"BMPR1APS1",-0.50093596597282,0.12
"AC132872.1",-0.12376120403696,0.79
"RP11-267M23.4",0.6747784674318,0.03
"TLCD1",-0.02028555103798,0.96
"STOX1",0.14581623229976,0.79
"DRC1",0.62284884980179,0.24
"ACY1",0.07534055449674,0.86
"PPP1CB",-0.02664516072855,0.9
"RP5-1021I20.5",-0.02213937799437,0.97
"DNAJC30",0.07988068729965,0.83
"TUSC1",0.1630354494406,0.66
"LEF1-AS1",-0.08834780392692,0.9
"PPM1B",0.02306447371577,0.88
"DERL3",-0.8153631654174,0.01
"PRKAR1A",0.06218803555101,0.78
"EPDR1",-0.04408872947995,0.86
"POFUT1",-0.38246495697579,0.05
"AC079586.1",-0.49408016760443,0.06
"PHGDH",-0.11672394341774,0.68
"MUL1",-0.23315155309191,0.32
"RP11-60A24.3",0.10363543428167,0.8
"UBE2B",0.28360064336188,0.18
"LILRB5",-0.36074833266979,0.06
"PKD2L2",0.14710570908291,0.81
"AP003774.4",0.39691310561366,0.21
"ATG3",0.15159498077548,0.57
"RP11-272L13.3",0.10437428212781,0.88
"DOCK3",0.56514981800125,0
"EGLN2",0.09434675842089,0.7
"TTC9C",0.02411133648395,0.91
"RNF113A",0.16894939581343,0.4
"EXOC3",-0.11218194015973,0.64
"SCN11A",0.50767634501149,0.03
"RP11-923I11.1",0.38586607226202,0
"CCDC92",0.15760238097082,0.65
"RP11-106M3.3",0.21724641491106,0.33
"ABR",-0.05917686793733,0.89
"MNAT1",0.13018625721663,0.65
"REXO4",-0.06845739200155,0.85
"RP11-452H21.4",0.40886463431715,0.39
"C16orf92",0.39174654146683,0.33
"MYCNOS",-0.1271024444773,0.83
"NAA25",0.08056893420962,0.69
"RP11-108O10.2",0.04069637729049,0.96
"C10orf88",0.18564389948579,0.37
"CAPN3",0.06876141296856,0.93
"PSMD10P3",0.08921584041586,0.9
"BDH2",-0.05867284637966,0.75
"CACUL1",-0.07941634908576,0.8
"KLHL20",-0.11429087640836,0.56
"BRD7P5",-0.32437821433312,0.45
"U2SURP",-0.0925241971469,0.68
"ATP6V1B1",-0.12403585631623,0.7
"ANXA2P2",0.66675311319881,0.01
"LSMEM2",0.4228756932543,0.49
"CRTAP",-0.27241378545108,0
"RP11-576D8.4",-0.37592326184483,0.53
"RP11-119N19.1",-0.27328666994474,0.56
"ZNF69",0.18168446327089,0.48
"PPP1R9A",0.1889884552906,0.5
"C21orf33",-0.14392162376155,0.54
"TTC7A",-0.01345284523138,0.97
"CDK2AP2",-0.12859951726732,0.84
"CDKN2B",0.35065399543692,0.47
"AC073046.25",-0.70714628977116,0.16
"RP11-597G23.1",0.08280336638876,0.92
"ATP9B",-0.2895683298087,0.25
"CTC-575D19.1",-0.15996702195221,0.59
"FAM189A1",-0.70988841756276,0
"ENY2",0.06428033212412,0.77
"C16orf87",-0.01112581386347,0.97
"MCCC2",-0.19141435330237,0.25
"RAPGEF3",-0.24945837552582,0.71
"GNAQ",0.01895484277762,0.97
"RPS6KA1",-0.18327938492404,0.57
"UBE2G2",-0.13107529165743,0.04
"TPI1P1",-0.00758756911662,0.97
"PTPRS",0.08165841656947,0.83
"HSD17B10",-0.0868288031266,0.77
"FAM122A",-0.02354194101099,0.93
"ZNF32-AS2",0.15747124406131,0.67
"EIF4BP9",-0.34526173639633,0.48
"IRF3",-0.20621374678973,0.65
"FAM49A",0.51290213117411,0.01
"IRAK1",-0.30240029194343,0.38
"BLZF1",0.11003742227227,0.55
"CTC-365E16.1",-0.29106923104065,0.39
"TRIM55",0.04725536116599,0.96
"DPY30",0.14010188414933,0.62
"LPPR3",-0.18781431399903,0.73
"YOD1",-0.23505825380922,0.43
"EEF1A1P5",-0.01895827854828,0.96
"EFTUD2",-0.15417735474311,0.27
"NFAT5",-0.12071334917992,0.81
"ZNF503",-0.04312530240853,0.95
"PRTFDC1",0.03407176062899,0.89
"RP11-347C18.3",-0.33578913530561,0.4
"RHCE",-0.17593721732469,0.75
"LINC00617",0.12948093230263,0.31
"C1orf53",0.43088244376386,0.19
"GOSR1",-0.02363843799744,0.93
"CNTF",0.21611308374807,0.66
"CASP3",0.51655936939422,0
"ITPKC",-0.17983737644093,0.6
"SNORA66",0.29451030079182,0.66
"RNF166",-0.21358568337053,0.67
"RP11-533F5.2",-0.03755501148177,0.95
"DPF2",-0.1763076580321,0.09
"KDM6A",0.05453989195888,0.75
"LDHBP1",-0.01229910164551,0.98
"ARL6IP1P2",-0.12189679117389,0.75
"EIF4G3",0.03690868549424,0.83
"RP11-390F4.8",-0.08642797796973,0.89
"HNRNPDL",0.15472322093086,0.25
"TM9SF1",-0.33926344627255,0.24
"MAML1",-0.30603900543329,0.08
"NPAT",-0.03566862055441,0.91
"OSBPL9P2",0.18235555798217,0.64
"CTD-2517M22.14",0.12369922397741,0.87
"DEDD",0.03695613032654,0.85
"CTNND1",-0.01085035956611,0.98
"RNF121",-0.20449800656905,0.17
"WDR18",-0.32424549742646,0.45
"PRKAR2A-AS1",0.07287453269647,0.91
"LIN54",-0.14918579545344,0.57
"RP4-647C14.3",0.43996226139102,0.35
"NBPF1",0.26174033106334,0.03
"RP11-326K13.4",-0.16215433847749,0.82
"ARHGEF12",-0.07756815124245,0.84
"ULBP3",-0.61670363140399,0.02
"BAI2",0.09884093752212,0.88
"ENDOV",0.25817537041814,0.17
"CHRNB1",0.15406759757923,0.41
"RP13-7D7.1",-0.49851180698291,0.38
"RP11-235E17.6",-0.6907148772095,0.03
"STX4",0.05027256572753,0.88
"GPR173",0.25387756534046,0.02
"PCDH17",-0.09409887182175,0.82
"C19orf57",-0.33300403838107,0.38
"LIPA",-0.195926061742,0.26
"RP11-661O13.1",0.60666078779083,0.09
"RAB12",0.47316135266584,0
"POMP",0.21698291970042,0.35
"TRPT1",0.03967671834555,0.94
"PPL",-0.13888386489537,0.73
"TBC1D31",-0.07827334264412,0.68
"SHROOM2",0.06968103830031,0.63
"AC005594.3",-0.80564814569238,0.03
"UHRF2",0.09033953724077,0.67
"KLHL14",-0.34176220312215,0.57
"HNRNPCP4",-0.37620841735486,0.39
"STAMBP",0.013372077541,0.95
"PCDH1",-1.32806260306648,0
"RPS12",0.1276415835655,0.73
"MAPKAPK5",0.05145014486089,0.75
"RP11-516A11.1",-0.06614012911743,0.82
"CD302",0.21191870770998,0.4
"CTSV",-0.87052613895808,0.05
"ARHGEF26",0.32738018750577,0.02
"CGREF1",0.30014946959781,0.33
"CDH22",0.14034525347006,0.81
"FAHD1",-0.0023305559321,0.99
"MIR3917",-0.0562678995944,0.95
"LRRC29",-0.25362667082534,0.65
"USP46",-0.09946248277917,0.71
"FAM136BP",-0.1846963646823,0.8
"PFKP",0.40573308184587,0.14
"IRX2",0.35667546683065,0
"TSPAN6",-0.30541244119778,0.01
"AC104532.4",-0.1838479852306,0.79
"AKR1B1P2",-0.01174899620785,0.99
"ZNF101",0.11272843589367,0.58
"CTA-299D3.8",-0.06631372685481,0.94
"FRRS1L",-0.63359015802911,0.06
"HSCB",0.08151793203605,0.82
"RP3-395M20.3",-0.91839544684358,0.02
"DPH3",0.0520724356287,0.8
"NPHS1",-0.48643093077713,0.13
"ZNF142",-0.2096037704903,0.41
"AC010492.2",0.06867998980057,0.91
"RP11-203J24.9",0.5124804445353,0.31
"B4GALT7",-0.18261037911621,0.71
"VARS2",0.07880451126008,0.8
"EFS",-0.92390554418877,0
"GOLGA8B",0.78827767700132,0
"TPMTP1",0.39340626157636,0.4
"TGFBI",0.50546767266204,0.04
"RP11-1074O12.1",-0.7109669255021,0.07
"ATXN7L3B",-0.02129512779059,0.93
"NOP56",-0.09367193834882,0.42
"RP11-526J3.3",-0.03029559568858,0.94
"CPSF2",-0.29492524264233,0.05
"CELSR1",0.02231951834572,0.96
"DRD2",-0.13377004126565,0.73
"RNF6",0.04174621703683,0.86
"EOMES",-0.67978722338774,0
"ERCC3",0.08828196377677,0.44
"C10orf118",0.02322747452298,0.96
"RP11-13K12.5",0.43733686176396,0.34
"SDCBPP2",0.20738072960462,0.52
"C7orf55-LUC7L2",0.2920848078272,0
"MRPS17",0.12793862295289,0.57
"ZNF234",0.04270646901113,0.92
"ABHD14A",-0.00417940527479,0.99
"CPB2-AS1",0.50728698096522,0.16
"CCDC162P",0.47210096861581,0.32
"WHSC1",-0.11781891478762,0.52
"ZBTB44",-0.17512272115516,0.59
"GBX2",-0.0936558225831,0.89
"PNPLA3",-0.42870552785658,0.16
"RNF44",-0.06828790828737,0.85
"MAP4K5",0.0861773126765,0.62
"PCDHB7",0.07486060294451,0.86
"MRPL22",0.1233928364254,0.65
"SEC24C",-0.01562653158455,0.92
"CCDC142",-0.34864131410997,0.13
"ARMC9",-0.18590597653843,0.24
"RP11-849H4.4",-0.03274129489742,0.96
"MRPS12",-0.27338763036079,0.5
"ZFAS1",0.29122305955756,0.16
"TERT",-0.59634980797024,0.12
"SLMAP",-0.06198914983564,0.81
"TMEM66",0.23791724087292,0.09
"DYNLL1P1",-0.16927495211209,0.7
"CDK9",-0.09893319679349,0.75
"MAP4K4",-0.09722050323623,0.77
"APOPT1",0.25285725155961,0.31
"NLRC5",-0.19786510658606,0.51
"SH3BP5",-0.08501422962613,0.87
"ATF4",0.22149825025222,0.07
"NRIP1",-0.18507711015873,0.62
"ANKRD50",-0.13011440377191,0.71
"PLA2G12A",0.01960296943766,0.95
"CNTD2",0.21412202820698,0.71
"TCN2",-0.05103150312495,0.93
"GNAI2",-0.18252711471798,0.4
"MSN",-0.1566733731385,0.35
"PPP1R3E",0.22439386756837,0.31
"C1orf112",-0.09961796119707,0.7
"SH3BP1",-0.31738898490657,0.43
"MSANTD3",0.17398999186633,0.09
"SUPT20H",0.08537885787323,0.66
"GABPB1-AS1",0.10197229937963,0.66
"SMARCA2",-0.0169900372841,0.96
"SEPT3",0.28985533120055,0.04
"DPP9",-0.26519363550401,0.41
"ZNF32",0.25008139091971,0.08
"B3GNTL1",0.16529824918128,0.67
"NAT1",0.05093559348387,0.9
"TOX3",-0.07818899223205,0.48
"RP11-56B16.1",-0.09700880484289,0.84
"TNNT2",0.56529305249984,0.26
"SPATA31E1",-0.41779086207826,0.23
"RP11-381E24.1",-0.73738847316786,0.08
"MRPL17",-0.16211520916504,0.35
"NUBP2",-0.37661655580479,0.5
"ABCF3",-0.03261686119602,0.93
"BFAR",-0.08451548570192,0.4
"INO80D",0.06011793104361,0.88
"APOE",-0.1151195768585,0.88
"SNUPN",0.03606158702654,0.89
"CSGALNACT1",0.02797248970272,0.89
"POP5",0.13488672377623,0.57
"NKAPP1",0.22895265667688,0.61
"RP11-232D9.1",0.30703145748026,0.62
"SLC4A7",-0.13506716071152,0.68
"PPIH",-0.06431195956594,0.8
"POLR2A",-0.3163793881517,0.17
"LGMN",-0.18911482333906,0.08
"RP11-592N21.1",0.08706774861389,0.86
"RP11-723P16.3",-0.25130403700016,0.65
"RP11-393M11.2",-0.3709477677637,0.54
"SUMO1",0.14334188201114,0.57
"PSAT1P4",0.11038980601252,0.89
"AC068134.10",0.04547098901429,0.94
"BIRC6",-0.02200744087043,0.95
"NISCH",-0.14988311667789,0.62
"COX6A1P2",0.02819374027612,0.96
"BRWD1",0.1872674100999,0.35
"NOXRED1",0.34010816764446,0.43
"RP11-357C3.3",-0.09152769480829,0.81
"THSD4",0.01400889330719,0.97
"HNRNPLP1",-0.10271243851721,0.71
"SPDL1",-0.12332659804434,0.57
"ASB13",-0.03595625084931,0.89
"RNF144A",0.01760688852907,0.96
"CHCHD1",0.07298662278114,0.86
"ZNF433",0.40450037784827,0.06
"LPHN1",-0.48808120057709,0.17
"SNHG17",-0.04280170789336,0.91
"DOCK5",0.43633729468515,0
"SLC16A5",-0.7101685440045,0.15
"ATP5G1",0.05835759547778,0.82
"SLC45A3",-0.01218613207901,0.99
"CTD-2583A14.11",0.2269830603618,0.48
"FAT4",-0.35655024230744,0.29
"CPEB1",0.4110461033372,0.49
"EFTUD1",-0.06187106711215,0.81
"PSPC1",-0.00536009186094,0.97
"CLIC1",0.30439825535257,0
"AP000654.5",-0.18639223948028,0.66
"KCTD16",0.12868805595278,0.84
"KTN1",-0.14431647040634,0.35
"TLN1",-0.29217929184642,0.31
"SNORD6",0.12269958530623,0.88
"RGS10",0.28579324613062,0.19
"RP11-29G8.3",0.19773711786866,0.79
"NEIL3",-1.51822018101246,0
"NOB1",-0.28300048619367,0.16
"C9orf78",0.04661396007006,0.78
"ZNF540",0.49881754959758,0
"CARKD",-0.08376084879303,0.79
"SEMA3C",0.28241391079423,0.56
"MT-TC",0.95256784165014,0
"CAPN1",-0.15196394054224,0.73
"RP11-486G15.1",-0.1694756098844,0.71
"CASP9",0.24425518478004,0.01
"NBPF14",0.20310017417716,0.61
"VGF",-0.57278513703192,0.22
"MTMR14",0.04567844016804,0.77
"RTN3P1",0.05575212259821,0.86
"AKT2",-0.25331429311579,0.42
"C8orf4",-0.03404319948046,0.97
"AKIP1",0.19943097018582,0.49
"RP13-93L13.2",-0.28278082575665,0.4
"RPL19P12",-0.33771223928999,0.35
"AC011290.5",0.01416398524552,0.98
"RP11-485M7.1",0.18256744155749,0.5
"PTP4A3",-0.59122078569231,0.07
"DGKQ",-0.1058400003196,0.86
"RHOQ",0.10589941096882,0.4
"ZNF215",0.22718828751179,0.46
"HSPA8P7",-0.23844384556796,0.39
"NDUFA9P1",0.01298785755255,0.98
"WDR96",-0.04170809555406,0.96
"CMC2",0.13562531322526,0.63
"SHB",0.4413630662987,0.03
"OCLM",-0.09837932673049,0.91
"ANKFY1",-0.02948831209242,0.94
"CTC-479C5.10",0.14446370517855,0.78
"STIP1",-0.14184827040601,0.28
"CLN8",-0.47106197084619,0.04
"CACTIN",-0.45300051058605,0.29
"RNF219",-0.13238158834687,0.51
"RP11-497H16.2",0.2106790062404,0.71
"C1orf74",0.12372972945478,0.75
"TAX1BP3",0.09961604821646,0.75
"MAK16",-0.09860791815375,0.73
"DCAF5",0.02094591192958,0.94
"CTD-2037K23.2",0.18865602895837,0.52
"PHF5CP",-0.33075721053321,0.56
"DVL1",-0.28070157708551,0.62
"RP11-365F18.1",0.01410055439462,0.97
"AC115617.2",-0.17100331314288,0.4
"HES6",-0.74526831907141,0.03
"ACTR1B",-0.05162129676875,0.91
"TXN",0.27625542758446,0.18
"RP11-32B5.7",0.01371261299064,0.98
"KRT8P23",0.55076594236459,0.29
"ENSAP2",-0.10579089262923,0.68
"MASP2",0.10774056558352,0.83
"TIGD3",-0.17112160812311,0.59
"KLHDC10",-0.03199166734291,0.94
"RP11-247L20.4",-0.31378090509994,0.51
"FAM76A",0.12713338178573,0.52
"DEPDC7",0.19567073231262,0.2
"STK39",-0.08289955979862,0.55
"USP14",0.12222881493805,0.49
"DAGLA",-0.50996236615722,0.24
"PARP10",-0.18115862238691,0.79
"SNORA26",0.26092410536569,0.59
"DLD",-0.00411104515069,0.98
"ORAI2",-0.17375169510816,0.52
"ANAPC10",0.14646819161349,0.64
"RP11-658F2.8",0.26351079067302,0.14
"ICOSLG",-0.9986348049367,0
"CCDC163P",0.24152771686952,0.57
"RBBP4P4",-0.26533488696409,0.31
"IL4R",-0.93618850625711,0
"MED12",-0.18186074425907,0.25
"NABP2",0.0340079496206,0.89
"TYRO3",-0.15507009453448,0.66
"LEO1",-0.00836148321668,0.97
"FAM173A",-0.48870666433197,0.39
"BOK",-0.21635688589151,0.66
