"chr","start","stop","DB","adj.P.Val"
"chr6",1614285,1614285,0.00148698010718081,0.741660013594775
"chr10",121837310,121837310,0.0387675670480691,0.00360656747157414
"chr2",228191082,228191082,0.00465496707002376,0.683827975569059
"chr6",36320401,36320401,-0.0395545209376379,0.0196754260208124
"chr6",26596151,26596151,0.00028089640033882,0.963108164287424
"chr5",71710285,71710285,0.0278501452071916,0.0469277047588451
"chr13",98330268,98330268,0.000859767038758341,0.888086074892485
"chr3",187722915,187722915,0.00572222254787713,0.310830909295567
"chr19",1507932,1507932,-0.00176615849352205,0.750362766096673
"chr3",13521223,13521223,-0.00629416330193319,0.234297210904915
"chr7",120984318,120984318,0.00502155906468993,0.741836504559989
"chr3",191052203,191052203,0.00282165781894006,0.911200499756057
"chr7",123295785,123295785,-0.00161673725658906,0.919452568093514
"chr12",110011326,110011326,-0.0017587387989127,0.643087726205107
"chr5",140725147,140725147,0.00942586524541122,0.0987409520791355
"chr20",61078502,61078502,0.0123529450180802,0.278548541071879
"chr8",125774045,125774045,0.00670659917582539,0.114741717581403
"chr14",70654247,70654247,-0.0520921767190418,0.000193060896094243
"chr4",118006405,118006405,0.0135090919072579,0.423817297377867
"chr1",6209018,6209018,-0.00181418237812977,0.624011515496929
"chr16",87988862,87988862,0.0014820424420473,0.9296317186596
"chr3",15135889,15135889,0.00804502656126338,0.336023154215012
"chr11",69632117,69632117,-0.0102524310040866,0.0793329904907975
"chr15",81214096,81214096,0.000435653766023503,0.99397981542084
"chr7",112430152,112430152,-0.00323113410194718,0.605675516718617
"chr16",1072779,1072779,-0.0317137765460112,0.00370466692597523
"chr22",41347233,41347233,0.00136518696662368,0.620744793475153
"chr10",82214044,82214044,-0.00120973314273173,0.72211320574747
"chr7",158741438,158741438,0.0274384307098728,0.0649598573218996
"chr7",103035259,103035259,0.00151527640017646,0.906783574980739
"chr1",6299374,6299374,0.000864166146965994,0.949003331815691
"chr5",31796726,31796726,0.00109368514481611,0.925671401178415
"chr14",20790424,20790424,0.000527824594986348,0.943728124404883
"chr15",40698367,40698367,-0.0088962941355283,0.0410224978763787
"chr1",1859438,1859438,0.00199276645262647,0.80722006612707
"chr3",111707752,111707752,0.0367364809612945,0.0164886145657304
"chr11",123186836,123186836,0.00102390397933927,0.956042118792129
"chr10",73848915,73848915,-0.00824053380046646,0.211364040062653
"chr8",103818861,103818861,-0.00363770819057599,0.486726556347933
"chr16",34874272,34874272,0.0399448174342601,3.88119778807196e-05
"chr1",29220146,29220146,-0.00153104855724379,0.902117826851301
"chr8",61941887,61941887,0.000185107779268834,0.965294408237582
"chr16",81631051,81631051,-0.00756740379558152,0.547805013117463
"chr19",847943,847943,0.00346835502687504,0.66103133567237
"chr15",66162152,66162152,0.00171522608436551,0.765055415586993
"chr4",127876757,127876757,-0.0206308270336159,0.0391662067540864
"chr1",77904032,77904032,0.00448149886649629,0.649206178231891
"chr1",26087527,26087527,-0.0126972929037634,0.412583328151758
"chr4",41614206,41614206,-0.00449390446204423,0.777532867644217
"chr7",107612551,107612551,-0.00159571641186884,0.895749591789941
"chr2",43903526,43903526,0.00983550706362946,0.272757728018573
"chr1",3184187,3184187,0.00142871489784335,0.929620276790723
"chr17",80539086,80539086,0.00130823875374553,0.935795080744087
"chr2",114036953,114036953,-0.0243750921609228,0.072357645205812
"chr2",121018421,121018421,0.00630139894137471,0.608667209929025
"chr18",35063285,35063285,0.0220041197568414,0.289324244682238
"chr16",55906624,55906624,0.00208601723748369,0.876542555510128
"chr20",33884097,33884097,0.0305059476461897,0.00288330389620114
"chr1",14217623,14217623,-0.0199452726850469,0.00809281116587417
"chr5",168319084,168319084,0.0562042050167383,4.68947269978949e-06
"chr14",59102696,59102696,0.00576879550338133,0.77147085366709
"chr22",27835596,27835596,-0.00127561544857102,0.910662079033156
"chr18",39591184,39591184,0.00826573589883672,0.441604036596729
"chr5",80253900,80253900,0.0700239215149965,3.52052429511791e-05
"chr15",58471936,58471936,0.00946158729198598,0.481014496290229
"chr5",9905045,9905045,-0.0026832155835147,0.903290769039357
"chrX",49121910,49121910,-0.041978289676122,8.21318458467241e-05
"chr1",64919636,64919636,0.000934265110200116,0.932891868673482
"chr1",10692435,10692435,0.00316867550929928,0.811463641052777
"chr3",25004763,25004763,0.0386857904192421,0.00688894386205844
"chr1",151694085,151694085,0.000365710963111672,0.904474375591179
"chr1",231472680,231472680,-0.00956402923288414,0.00466924688495557
"chr6",116937477,116937477,-0.00505068210025567,0.122322627080615
"chr19",18746985,18746985,0.0191555396217064,0.0581826019898959
"chr16",28968168,28968168,0.00235584050583537,0.875316080818913
"chr13",24553700,24553700,-0.0102059871470455,0.0170108391357806
"chr1",77230619,77230619,0.0222389858435729,0.0532588802457246
"chr1",46599006,46599006,-0.00125376809685211,0.689233373969152
"chr12",11928484,11928484,0.0101715775801151,0.436990255461268
"chr11",67183445,67183445,0.0294656086258187,0.00941985737237666
"chr18",54813030,54813030,-0.0570359916296361,1.59620547332507e-06
"chr8",133099279,133099279,-0.0114630901879574,0.208751751720501
"chr5",140381745,140381745,-0.0325124206007634,0.000609077209895748
"chr1",221661451,221661451,0.0439669595020886,0.000249053664576557
"chr2",77856944,77856944,-0.0175146722739902,0.302982687909799
"chr10",62065558,62065558,-0.016736047397204,0.178771951637248
"chrX",103812042,103812042,-0.00333576060286328,0.76376991528423
"chr5",64859113,64859113,-0.00349463218691938,0.35520619799602
"chr12",4724708,4724708,0.00914628162873166,0.177255237180089
"chr2",220308747,220308747,0.0325810862590279,0.0340143911145406
"chr5",150857981,150857981,-0.00260794957315302,0.711742188429481
"chr3",53190763,53190763,-0.0167413766723412,0.0358740224917004
"chr5",65121323,65121323,0.00183960026712937,0.807873022614391
"chr10",93872745,93872745,0.00620638434713361,0.567475747631498
"chr11",38520495,38520495,-0.018013307206677,0.295457873368189
"chr3",187914247,187914247,-0.0101291186531436,0.356523312589546
"chr22",39052386,39052386,0.000637803000927147,0.860362952350263
"chr3",66513559,66513559,0.00157733650951419,0.96457044863369
"chr6",7585896,7585896,-0.00521361289601652,0.661491412219714
"chr15",89876978,89876978,-0.0238549094873349,0.00314669973966548
"chr2",10508603,10508603,-0.0185381888808087,0.189104700964385
"chr6",1594827,1594827,-0.0230207308468662,0.0208312377043587
"chr12",7071712,7071712,0.00361890407187049,0.899868011653777
"chr4",6610510,6610510,-0.000566697066907929,0.96899962324002
"chr2",95831158,95831158,-0.00478416418119236,0.278190866093929
"chr2",70529197,70529197,-0.00396659951742512,0.0794583057339906
"chr1",94057512,94057512,-0.00630930157035185,0.123025401874155
"chr17",19518342,19518342,-0.00360358195437882,0.668795357202127
"chr19",41860082,41860082,-0.00145348926860954,0.774470747107055
"chr15",74286884,74286884,0.00347450920325286,0.492601975143339
"chr11",68125461,68125461,0.0162252546716668,0.0719438986372181
"chr17",7516860,7516860,0.00711568964101517,0.363945112484823
"chr3",43222981,43222981,-0.0501198572203333,0.000248104397671915
"chr17",4581836,4581836,-0.000760208132639661,0.926604006022424
"chr17",58160046,58160046,0.0047803883336538,0.853112779522822
"chr7",1903159,1903159,0.0511377983811577,3.17356222921751e-05
"chr2",46349289,46349289,0.00751039544303034,0.314405174462508
"chr13",111527030,111527030,-0.00343102288520991,0.807297076541839
"chr2",239524006,239524006,0.0131673287564851,0.082081231034184
"chr1",32568405,32568405,0.00723579846741707,0.065625332727474
"chr11",11229397,11229397,0.0131943813572291,0.349479521916066
"chr2",237413202,237413202,-0.00452671005585537,0.726174994798919
"chr19",45991797,45991797,-0.0148803321260762,0.283135111183041
"chr14",21860787,21860787,0.00248380370790857,0.69122085347798
"chr16",87795632,87795632,-0.000533154468594366,0.915974139712562
"chr2",101397191,101397191,-0.0190015425798201,0.0634860218952906
"chr1",170429498,170429498,-0.00379718484265784,0.708621809818871
"chr17",39791049,39791049,-0.00875397150726154,0.276766474945435
"chrX",62520134,62520134,-0.0107975544057235,0.587556499283163
"chr11",64986223,64986223,-0.0223032634893899,0.178712550393572
"chr12",133294261,133294261,0.00587170342245469,0.126141165336952
"chr8",1359688,1359688,0.0152705296511347,0.289711230750128
"chr22",37957057,37957057,0.00304022120325166,0.300963337576445
"chr10",572067,572067,0.00629697994745715,0.343611423295188
"chr6",33358417,33358417,-0.00300563426211375,0.88921721430538
"chr1",53612022,53612022,6.66755315086864e-05,0.977877124407968
"chr1",112942287,112942287,-0.00928469086938966,0.226651639315363
"chr8",23584746,23584746,-0.00471283516253039,0.649293610216443
"chr1",107507229,107507229,-0.0652352430667651,2.72728427241148e-05
"chr12",10876177,10876177,-0.00256145465736001,0.133796835502705
"chr17",20965872,20965872,0.0020309289747461,0.88916540035736
"chr22",24951063,24951063,-0.000985731621133634,0.672207230759254
"chr14",69215139,69215139,-0.0077563111007054,0.146270344056834
"chr14",64195085,64195085,-0.00233143054431435,0.625301869862238
"chr7",26240901,26240901,-0.0053292949688945,0.0208259017742716
"chr22",32310645,32310645,0.0090876179768139,0.290721721118743
"chr1",26686860,26686860,-0.0107601262393704,0.285236905350187
"chr20",42033934,42033934,-0.0439885209660399,0.0245277371608209
"chr1",214360619,214360619,0.000369849392484016,0.90860766292384
"chr1",241032479,241032479,0.105916098626437,3.5020570025072e-06
"chr1",226899011,226899011,0.0272487466990997,0.0389994266807132
"chr11",102214464,102214464,-0.0253434697814596,0.0577753608564249
"chr11",131925126,131925126,0.0254328543901785,0.0894977694904507
"chr17",25533682,25533682,-0.0110470346767401,0.404179407914089
"chr17",80665691,80665691,-0.0218939392853396,0.0375769716593113
"chr10",15689009,15689009,0.000552866701235666,0.956550854598428
"chr1",45956773,45956773,-0.00460003520222733,0.152891012224831
"chr11",69519263,69519263,-0.0076464217227746,0.0533712306506992
"chr2",241857215,241857215,-0.00280730166206009,0.655786266042104
"chr6",30294032,30294032,-0.00331974024184659,0.458236310239693
"chr12",119086637,119086637,-0.00163098334327871,0.976089560793764
"chr1",1846591,1846591,-0.0207543519468886,0.0483839896955813
"chr16",52948598,52948598,-0.00181812623352716,0.797191624431155
"chr12",90014966,90014966,0.0350631493594805,0.00237649090616133
"chr5",63440159,63440159,-0.0125299171938272,0.301726413870598
"chr1",244541681,244541681,-0.00697363396917916,0.538643121834333
"chr12",123340818,123340818,-0.014405149456355,0.435743057518757
"chr17",76801775,76801775,-0.00815721491481114,0.432680960084098
"chr12",4255525,4255525,-0.0235206935030764,0.000502315847673435
"chr14",21991255,21991255,0.0121225378335612,0.195213675305208
"chr17",38521049,38521049,0.00741738170208162,0.530279130583579
"chr1",1978115,1978115,0.00201694119660327,0.766114575419602
"chr11",17868750,17868750,-0.0298608997190974,0.0181908648988833
"chr1",66795970,66795970,-0.0126418475489222,0.226712927853588
"chr7",28450696,28450696,0.0342802478112488,0.00191674030300594
"chr5",2741746,2741746,-0.0169638251528527,0.489643229350657
"chr7",142879966,142879966,0.0743236353554112,4.54564572253973e-06
"chr14",31597907,31597907,-0.00313181612731894,0.532697266627205
"chr2",163027484,163027484,0.0117787758974337,0.255500835685089
"chr3",63778058,63778058,0.004624759386475,0.709785539152265
"chr6",34114320,34114320,0.000514780562711065,0.943062580359962
"chr2",99226313,99226313,0.0190164688408789,0.118584234264396
"chrX",135179916,135179916,0.0156648525747544,0.43864211461799
"chr4",47838616,47838616,-0.0138448947305164,0.073993593618404
"chr16",83620179,83620179,-0.00490975156951281,0.408994429950582
"chr19",50981540,50981540,0.00887963129358582,0.113738699461105
"chr17",79212819,79212819,0.000866679406908509,0.728015971459352
"chr19",664591,664591,0.0114811945135771,0.0720880312830284
"chr9",136617974,136617974,0.0133476874974777,0.113257804333784
"chr20",39619592,39619592,-0.00132098402263015,0.81408066560549
"chr11",369155,369155,0.000661614060776763,0.924447133867587
"chrX",119385834,119385834,-0.00648408783887572,0.663215967412855
"chr18",36512980,36512980,0.00914152268091573,0.354530747835488
"chr17",80780338,80780338,0.016917033860028,0.191073855123953
"chr14",89290212,89290212,-0.0126701602826577,0.337062908522191
"chr12",6942629,6942629,0.00548082206436784,0.592590274222391
"chr16",1599072,1599072,-0.0311592845939415,0.0250486411793283
"chr4",57254132,57254132,0.00123436127421801,0.996469756836448
"chr17",21113633,21113633,-0.00708943778556015,0.73759896734825
"chr4",169137968,169137968,0.0184758285920058,0.168735395455188
"chr20",61513963,61513963,8.35307572905064e-05,0.981320303208864
"chr18",56737535,56737535,-0.000361813870352723,0.954570835555518
"chr1",145571288,145571288,0.0332869540127309,0.00345941589536142
"chr21",19617021,19617021,-0.0312421837990862,5.94727445233689e-06
"chr3",62515593,62515593,-0.0610842345783336,5.58477677662575e-06
"chr12",132982231,132982231,-0.00510947364488989,0.770289743351635
"chr2",202692984,202692984,0.0432741118472761,5.18284392939054e-05
"chr13",31316192,31316192,0.00572226690136612,0.70298035182417
"chr7",30626557,30626557,0.00337595790375578,0.537625467967928
"chr12",103673495,103673495,0.00974284515400348,0.25498724770957
"chr8",95580089,95580089,-0.00935156862239039,0.336822661552127
"chr6",28227085,28227085,0.0219209757228084,0.134656559115124
"chr19",9929919,9929919,0.00136474484599962,0.859622850481256
"chr16",75600014,75600014,-0.00207122807796456,0.70716542185939
"chr2",39621470,39621470,0.00437138394265502,0.821559986545776
"chr7",147591897,147591897,-0.0332016959379412,0.0819930474911787
"chr5",146849919,146849919,0.0025870000724888,0.792540315951838
"chr1",59204565,59204565,-0.0150990692263043,0.186477871525658
"chr16",3183125,3183125,0.00559947844941688,0.500284059392396
"chr17",48290763,48290763,-0.0164513448591471,0.118813130676177
"chr11",115158206,115158206,-0.0136415897478296,0.465166058301281
"chr14",55034266,55034266,-0.00226036430963554,0.593744328712876
"chr22",22038936,22038936,0.00549805930553948,0.317288065794195
"chr11",20385630,20385630,-0.0619477995443782,2.47993328657849e-06
"chr1",3554782,3554782,0.0106373269405474,0.416615921199182
"chr21",45552202,45552202,-0.00231341618964043,0.835167963533334
"chr6",132873601,132873601,0.0149642267947393,0.624779516599286
"chr22",20953266,20953266,0.000842681441135529,0.924554922213958
"chr19",31640711,31640711,-0.0808981726499583,0.000145861773584463
"chr2",163100992,163100992,0.0192060297888712,0.195221980525192
"chr12",129570738,129570738,-0.00355894527065725,0.810431711707693
"chr20",42984324,42984324,0.00906371378023407,0.468052170394439
"chr2",113875377,113875377,-0.0333178895930246,0.000410272099949486
"chr19",51375975,51375975,0.00179437201073707,0.839561173118222
"chr8",141976997,141976997,-0.00447655109154355,0.629398144325776
"chr12",57405970,57405970,-0.0187360136562323,0.117959788317081
"chr17",81021770,81021770,0.00179889340080513,0.901420971349689
"chr7",99691942,99691942,-0.00538716435474174,0.62261748168111
"chr19",10122000,10122000,-0.00253151129920598,0.836028476951559
"chr2",71228371,71228371,-0.00298727647705734,0.404183709972207
"chr6",76724431,76724431,0.00319405866109396,0.443649638343758
"chr12",121995538,121995538,0.00602041377282336,0.304003179504851
"chr3",196462681,196462681,0.0373004819639629,0.00186468355845946
"chr13",109783620,109783620,-0.00236655598939695,0.865851303579592
"chr5",89854414,89854414,-0.0029720343674296,0.434958664972481
"chr2",171674553,171674553,-0.00524678296740799,0.53225628985226
"chr5",68531229,68531229,-0.000274442567964356,0.981537903077846
"chr14",39702922,39702922,0.0161408599156905,0.242769830532425
"chr16",89424793,89424793,-0.025786540970648,0.0349909826508207
"chr16",58191928,58191928,0.00277047914482353,0.75392315527724
"chr5",175395016,175395016,-3.19771486642501e-05,0.96305235313812
"chr5",52078726,52078726,-0.0399219408904039,0.00397788543031994
"chr4",176868042,176868042,-0.0014903745619429,0.972340243331516
"chr1",43919584,43919584,-0.0061225990167144,0.312118751007055
"chr18",56123070,56123070,0.00502990134903125,0.735527486000055
"chr4",100738139,100738139,0.00822282418831255,0.455776259692129
"chr1",182369721,182369721,-0.000993905951393703,0.881790061582022
"chr7",90032850,90032850,-0.00652562545012014,0.615454130910127
"chr14",61191253,61191253,0.0010192505369594,0.875046885895364
"chr6",18353160,18353160,-0.0616957829557533,2.530620491843e-05
"chr19",884200,884200,0.00146310473746336,0.915054366759571
"chr14",52343846,52343846,0.0166755727609349,0.0590601219317415
"chr9",139129886,139129886,-0.00943405881762871,0.661251536076442
"chr9",139342508,139342508,0.0418567341434326,0.126434327003
"chr22",22863054,22863054,-0.0002482893033664,0.918178374939846
"chr19",19740804,19740804,0.0063403685074471,0.783496878225445
"chr12",131506021,131506021,0.00347077751234059,0.875310819202834
"chr2",11864404,11864404,0.0288786700356722,0.0256974693007294
"chr11",22708661,22708661,-0.00583893500906019,0.39682788536262
"chr8",53627369,53627369,-0.00415939176064375,0.207645853502081
"chr5",881228,881228,0.0212591237044674,0.0185997378129157
"chr15",52408234,52408234,-0.00570313056389782,0.586891491504988
"chr18",8478288,8478288,0.00746911593425581,0.253600568510248
"chr10",31325355,31325355,0.00873433430012968,0.186021522424636
"chr6",85482946,85482946,0.0191720488654035,0.0479355789227347
"chr1",217545923,217545923,0.00837555855714878,0.303878852443316
"chr17",78965791,78965791,-0.00208714167818053,0.772524705669663
"chr19",6380372,6380372,-0.00419363010407503,0.425592120329307
"chr12",109052833,109052833,0.00906509929242416,0.530223559804164
"chr20",36768314,36768314,0.00581133813945547,0.636287532696797
"chr14",55604927,55604927,0.00564912812018481,0.36454730897808
"chr3",47400842,47400842,-0.000613884386422181,0.970383846764496
"chr22",38570825,38570825,0.00445702694979688,0.741619706649315
"chr13",36788859,36788859,-0.00105699707234852,0.843715913506974
"chr20",57247802,57247802,-0.000255200751211215,0.992497750497946
"chr3",100120511,100120511,-0.00225973262430744,0.531247230080993
"chr12",6339200,6339200,0.0125761623399218,0.453987844321152
"chr4",186432227,186432227,-0.000798619386193855,0.995428387625231
"chr6",2743931,2743931,-0.0218517202388655,0.189953002619398
"chr4",122791314,122791314,-0.000707662082323798,0.9096337599817
"chr12",4228689,4228689,-0.0304643674287279,0.0278061831358262
"chr2",203373566,203373566,-0.00588730930279169,0.679801397104289
"chr14",53173756,53173756,-0.00422875152471412,0.615425710247676
"chr2",88491625,88491625,0.0231823701503485,0.370004732964635
"chr14",91755331,91755331,0.0101230503754446,0.0433395829650093
"chr5",82372786,82372786,-0.00374107819981449,0.771785352321827
"chr5",67485587,67485587,-0.0125345057712573,0.345469913037463
"chr1",28080906,28080906,-0.00547450844848907,0.610157909115574
"chr6",47074382,47074382,0.0102974548922319,0.438242203213915
"chr16",67233653,67233653,-0.00484988584740631,0.109329725157718
"chr8",1616450,1616450,-0.0139549077689419,0.122636992576492
"chr3",169166043,169166043,0.0267199815733961,0.181172118674187
"chr17",26127542,26127542,0.00269648668570155,0.811394882281695
"chr6",36764388,36764388,-0.00230772176959004,0.879938806170028
"chr4",40910981,40910981,0.000290198548392628,0.967253327636879
"chr4",1508695,1508695,-0.0326803334737401,0.00272052450082833
"chr17",10476818,10476818,-0.0042931732890632,0.729922599340601
"chr6",21182187,21182187,0.0269199779954937,0.0380519556529719
"chr6",51963711,51963711,-0.017525799412097,0.144053409415977
"chr4",84377109,84377109,0.000653374279296227,0.862854984646531
"chr12",57646434,57646434,0.0039900696937446,0.741349589920194
"chr16",23890018,23890018,0.00710223037534408,0.445591259549131
"chr13",76451583,76451583,-0.00472324311251038,0.41819517675953
"chr1",13942436,13942436,0.00285656493955755,0.853717701061364
"chr9",79172323,79172323,-0.0659521043651522,1.11289122740278e-05
"chr2",241987718,241987718,-0.0334642234861022,0.0127263775937647
"chr10",65029020,65029020,0.00294357078012517,0.527518523602641
"chr6",33393607,33393607,-0.00130376920915538,0.686840194578149
"chr2",208490936,208490936,-0.00374445694879365,0.450444798116553
"chr17",79644035,79644035,0.00124770827416265,0.931904088369445
"chr16",54689221,54689221,-0.00531898333644065,0.774355556815567
"chr17",40127892,40127892,-0.000392624645820017,0.981380726912954
"chr22",46528517,46528517,0.0135791083820395,0.278253850429291
"chr2",201677983,201677983,-0.0163277415597261,0.348828281076302
"chr19",1123235,1123235,0.0130189286606854,0.347783275579984
"chr7",150103902,150103902,-0.00257379353954576,0.85448772589683
"chr5",132001119,132001119,-0.00166153593860363,0.910553625059869
"chr19",6740952,6740952,-0.000961892805629007,0.760721346581633
"chr1",182361507,182361507,-0.00154600101649539,0.765254961728875
"chr19",6215016,6215016,-0.00147628904970942,0.882582152953846
"chr3",183902771,183902771,0.00737200850197295,0.194250159551784
"chr17",5389134,5389134,-0.0101159913787462,0.0951264441494445
"chr16",28260863,28260863,-0.0167830810541612,0.188948587667494
"chr3",155571296,155571296,-0.000629305184195836,0.844667286965612
"chr8",143859399,143859399,-0.00938727688259988,0.353475451036514
"chr7",22722140,22722140,-0.00718735822781968,0.328338304328247
"chr8",52809029,52809029,0.0124945364585141,0.502751677378199
"chr6",28965729,28965729,0.000766367333118634,0.968508698392555
"chr10",62647977,62647977,-0.00156380402376533,0.975450441231298
"chr8",76805307,76805307,0.00997227596080619,0.419258163415802
"chr9",129884313,129884313,-0.00209486060964045,0.795345458433639
"chr3",192959372,192959372,-0.0027598751049517,0.263451519244108
"chr17",39204882,39204882,0.00635608100494478,0.489476803214921
"chr5",118965347,118965347,0.0155730111673187,0.0834448987336084
"chr4",96086856,96086856,-0.000566927253884186,0.898455900455468
"chr2",236751166,236751166,0.0211087305728694,0.0551383260450719
"chr1",182098985,182098985,-0.0230514028189071,0.00591758348395542
"chr2",120517009,120517009,0.00526718386208237,0.205625310131719
"chr2",242901293,242901293,-0.00110821331119215,0.898808866131236
"chr18",3445098,3445098,0.00363353541784261,0.825035274337426
"chr3",117604167,117604167,-0.0172748929499578,0.335991556945292
"chr12",131194090,131194090,0.0118919024114766,0.141649652763009
"chr11",44338186,44338186,-0.00241815217026879,0.691006984087214
"chr22",32750777,32750777,0.00051791259157552,0.915946409464992
"chr2",190324761,190324761,0.0113973290133474,0.451141505218689
"chr5",149423471,149423471,0.00602959643497891,0.488525201551413
"chr7",80544479,80544479,0.00674422108989647,0.524760403489574
"chr11",63993875,63993875,-0.00392854841444199,0.320938366712958
"chr4",54362002,54362002,-0.00304812033153157,0.771573090753226
"chr22",40672689,40672689,0.0134846945739507,0.0617340161230226
"chr16",19089964,19089964,-0.00321504152748819,0.878601056461269
"chr7",20647070,20647070,0.0268465438155714,0.180092722147901
"chr2",29093905,29093905,-0.0134673204828997,0.167384483720314
"chr5",140173734,140173734,0.0136453841106437,0.422399178245079
"chr18",35132882,35132882,0.00862010225555762,0.532193989770921
"chr14",88502488,88502488,-0.0193709390560916,0.0809749323434515
"chr2",11732905,11732905,0.0122510892901116,0.193205831180298
"chr21",34415222,34415222,-0.00853450331317318,0.445342959713865
"chr4",8216244,8216244,0.0137253730438033,0.0848404193748428
"chr5",118738381,118738381,0.0372284242885705,0.00176073358373357
"chr2",235732349,235732349,-0.00100016190638264,0.941895044827237
"chr15",32650698,32650698,-0.0216205355743467,0.0106419932406916
"chr3",194573301,194573301,-0.00212896369307991,0.590334010668548
"chr11",103584918,103584918,0.00610944808512592,0.819439481121194
"chr18",76479177,76479177,0.00733546206534297,0.387313754751931
"chr8",100559744,100559744,-0.00395677546376227,0.849672459581022
"chr1",68683394,68683394,-0.00427225960421951,0.757010728934946
"chr6",90378501,90378501,0.00339424968203839,0.782494532894649
"chr6",31747250,31747250,0.00203223811061859,0.779690866878741
"chr17",2919407,2919407,-0.000977413963259566,0.942682677726392
"chr13",103831537,103831537,-0.00128168162822812,0.882690778581499
"chr6",27219983,27219983,0.000915972211856242,0.934444106586886
"chr19",55918708,55918708,-0.00640485101775648,0.134696225804201
"chr5",169724590,169724590,0.0018303207617657,0.822895593864175
"chr12",3948744,3948744,-0.00520160420822313,0.300120774270599
"chr1",214997684,214997684,-0.00135961312490884,0.959545478492355
"chr4",33892096,33892096,0.0271873854491439,0.113505053045388
"chr1",16161673,16161673,-0.00115411232128956,0.858383484927784
"chr9",84145002,84145002,-0.00571177783606436,0.739756816335105
"chrX",20160069,20160069,-0.000296657983126628,0.923067192107207
"chr12",57522813,57522813,-0.00137901485896898,0.776672692796993
"chr3",133375664,133375664,0.00347746426954154,0.871359185432268
"chr8",123806239,123806239,0.00265969581562614,0.810818217121755
"chr2",175260109,175260109,-0.00646019199386892,0.0351062567608869
"chr2",42287377,42287377,-7.83565474365977e-05,0.994714682179141
"chr8",42995566,42995566,-0.000723986025670136,0.751861807679243
"chr19",50979746,50979746,-0.0168159474218144,0.0848079634506181
"chr8",8611040,8611040,0.023969645944352,0.321945884172304
"chr12",56988862,56988862,0.00400722647839535,0.760388999028005
"chr12",95108547,95108547,0.00268504623928864,0.897535153916323
"chr20",37016713,37016713,0.00203856660146307,0.927849404874207
"chr12",120978097,120978097,-0.0138227660440611,0.226127235950243
"chr4",89311790,89311790,-0.00474007974786339,0.705839730758718
"chr12",56522077,56522077,-0.00290735932992987,0.615088462730414
"chr16",72128476,72128476,-0.00544717996973684,0.225759991680611
"chr5",78103644,78103644,-0.0056674137113768,0.498550459065061
"chr12",51477468,51477468,-0.00324021623822783,0.53265495904395
"chr16",28551801,28551801,-0.017325590631884,0.110434443080818
"chr12",133414571,133414571,-0.00602599233681413,0.199549684885496
"chr19",37825572,37825572,-0.0150320621415265,0.223520819763227
"chr10",7708869,7708869,0.00183882419866725,0.782136703535648
"chr4",56280173,56280173,-0.00232758525619914,0.858385436862889
"chr8",9597811,9597811,-0.0144972671395655,0.316872408766105
"chr2",158454401,158454401,0.0165035928726939,0.151763649340962
"chr2",6465959,6465959,-0.0013256286282356,0.973456540629948
"chr4",184746764,184746764,0.00966399438284349,0.303670023437254
"chr1",227506021,227506021,-0.00391468244055845,0.3611000524325
"chr11",15933403,15933403,-0.0481230712775416,0.000160035829718754
"chr7",155508326,155508326,-0.000468303684162508,0.978953642293109
"chrX",16857776,16857776,0.00898567704169445,0.451545503294434
"chr8",139095832,139095832,-0.00168774598335819,0.894073918561739
"chr12",56436440,56436440,0.026490219166234,0.0153018326540809
"chr11",115292945,115292945,0.000487383792770579,0.96852064822061
"chr3",112980454,112980454,0.00507289765327368,0.4206149885914
"chr17",39122765,39122765,0.00452830306294583,0.643647437037354
"chr13",25497213,25497213,0.00184768183155042,0.679335684183597
"chr17",78958777,78958777,0.0048527806564026,0.660768964586492
"chr13",49156436,49156436,0.00323944782702945,0.713333670780034
"chr22",49884882,49884882,-0.00448635938144437,0.72114582844504
"chr3",25382277,25382277,0.0138770007728821,0.330615417107487
"chr13",33042799,33042799,0.0158782197013486,0.103812103167406
"chr5",129240013,129240013,-0.000680802444804077,0.911216026579822
"chr1",44412475,44412475,-0.000933876081764762,0.597278113552185
"chr20",30139533,30139533,-0.0153459466057951,0.266189582753138
"chr7",138350387,138350387,-0.0306018771207218,0.0119407661987243
"chr1",150254529,150254529,0.00443138526594686,0.286479514822245
"chr13",43834391,43834391,0.0201300022408898,0.277844877806123
"chrX",152991647,152991647,0.0209541352001963,0.0207601354239687
"chr11",16634515,16634515,0.0092594076489428,0.0607357146262633
"chr10",134947537,134947537,-0.0268771108604487,0.0421488923153111
"chr20",485592,485592,0.005066934362708,0.52497927152116
"chr20",48302641,48302641,0.00803360393166434,0.0960618738498597
"chr3",9595269,9595269,-0.0133644488251671,0.12173290977654
"chr9",14693507,14693507,0.00150903523465769,0.74382462158004
"chr1",215038841,215038841,0.0212106135377948,0.0947284935405411
"chr1",154030564,154030564,-0.0663928993078178,1.44735483499015e-05
"chr7",107382204,107382204,0.0144109489045149,0.321379010483066
"chr4",3776474,3776474,-0.0417977650701922,0.000202244680828069
"chr11",44905294,44905294,-0.00402918267953967,0.768336726922336
"chr1",41489285,41489285,0.00629595987008358,0.318059949152808
"chr10",45463032,45463032,-0.00389852732011042,0.743767837283092
"chr12",50016646,50016646,0.00252049579422907,0.55948614265931
"chr8",103033846,103033846,0.00361820910785271,0.665319938300515
"chr8",140749377,140749377,0.00768210767876665,0.170989427811826
"chr3",40519358,40519358,0.00800095299480963,0.377239280238897
"chr14",69726536,69726536,0.000668394350422173,0.854177676207539
"chr14",76661221,76661221,0.00776512366532078,0.614958913763853
"chr5",524127,524127,-0.00210812390265786,0.274734867338435
"chr21",47404216,47404216,0.0069435889069035,0.357282198175679
"chr1",35441734,35441734,-0.00394493732608669,0.863978029571694
"chr22",21128411,21128411,0.00132599230794617,0.917073309058473
"chr12",132674352,132674352,-0.000657326081836392,0.845733571260709
"chr12",48100219,48100219,-0.00189746239377317,0.86745508651103
"chr7",135645153,135645153,0.00194902192835711,0.95204063586107
"chr4",141782957,141782957,0.0122886956399656,0.10775097620743
"chr1",7598255,7598255,0.00143246856064286,0.903740381301155
"chr17",76989499,76989499,0.00735869495037583,0.69979272743699
"chr1",206135024,206135024,0.0048499812409595,0.659851140069864
"chr2",152265520,152265520,0.0147122399338766,0.349867904897384
"chr11",72133817,72133817,0.00122190092447949,0.958256164231397
"chr11",87887354,87887354,-0.0140303041206084,0.263335695332011
"chr11",67159079,67159079,-0.00444220415606359,0.233039996780535
"chr19",1679518,1679518,-0.0135599999168808,0.0776781241950576
"chr14",65376811,65376811,0.0182454770956906,0.336075190135062
"chr9",88353585,88353585,-0.015695577456453,0.395210733689972
"chr11",60482517,60482517,-0.00334105636225498,0.758505125752465
"chr12",83150597,83150597,0.00588346638975357,0.720785111838107
"chr15",67429225,67429225,0.0108498834983335,0.103979589008982
"chr16",1193803,1193803,-0.0123977569140932,0.0357069875975896
"chr6",37618123,37618123,0.0026435614277508,0.440372000346299
"chrX",13955102,13955102,0.0605943315675472,0.000194312683584427
"chr6",165900547,165900547,-0.00116407606318325,0.956486402096248
"chr10",72200922,72200922,-0.0247787709738663,0.0206627341754874
"chr7",116899446,116899446,-0.0113005860318788,0.449009920277206
"chr7",99032677,99032677,0.0122911953370825,0.102275627877463
"chr6",68599358,68599358,-0.00317146583597161,0.780234986020281
"chr8",144634355,144634355,0.00604359075121685,0.364527333533637
"chr8",50823541,50823541,-0.000827568496641402,0.817000603101523
"chr4",619659,619659,0.00357602709210347,0.69286254543837
"chr16",68664327,68664327,0.000322275858445686,0.982358451739938
"chr15",66316425,66316425,0.0164213759445725,0.0245046692947542
"chr2",42325097,42325097,0.00929073717641793,0.382501620211703
"chr12",65562873,65562873,-0.0289975580871008,0.0140759774481794
"chr17",30954881,30954881,-0.00459032525768688,0.852232227430098
"chr18",74182211,74182211,0.00240270286867017,0.859621696103364
"chr14",30159418,30159418,-0.0357493772453245,0.0104374449805429
"chr7",128545352,128545352,-0.00599852630271291,0.347310323571244
"chr7",100732819,100732819,0.00215404927334506,0.84478939367872
"chr2",119980583,119980583,0.00709995937144536,0.428962156426084
"chr5",149758835,149758835,0.00997376150644036,0.105472065254003
"chr5",163635997,163635997,0.0148481684708063,0.563709034378149
"chr17",59531696,59531696,0.00221448440175794,0.629933563911849
"chr10",128210076,128210076,0.0170306268609457,0.0735236683635446
"chr19",37647624,37647624,0.011441790149501,0.4508333983209
"chr6",29585658,29585658,0.00475065734459523,0.926419619336945
"chr16",66421611,66421611,0.00828986306788793,0.422522413770341
"chr5",153473998,153473998,0.0113419659096736,0.137888933651258
"chr18",59560365,59560365,0.00510436682177261,0.508755354020473
"chr7",50243994,50243994,-0.0387986865853834,0.00245823702023878
"chr8",119167851,119167851,-0.035955804926272,0.00688556548081793
"chr3",156543471,156543471,0.0033383177519668,0.822736039482295
"chr7",74144222,74144222,0.00408382238465754,0.56857208515146
"chr6",88381391,88381391,0.0232198692940121,0.0275063914644263
"chr21",30365465,30365465,0.000789157621407126,0.891741997189209
"chr2",128139340,128139340,-0.00403721514246824,0.77146916221672
"chr18",47430007,47430007,-0.00376443605803789,0.74160452246517
"chr14",24505671,24505671,0.00230758747309867,0.804047268729327
"chr9",35848330,35848330,0.0107195389482359,0.0640212804382949
"chr6",25924317,25924317,0.00214993873086855,0.893860132760043
"chr13",32861828,32861828,0.0184275742429898,0.0760764606565947
"chr12",57843848,57843848,0.00145135526473028,0.901914292890036
"chr4",13532671,13532671,-0.0656250183268387,4.05237210845453e-07
"chr11",68082621,68082621,-0.0238520092886029,0.00699877161145108
"chr19",56905587,56905587,0.000155973126912956,0.974817856807894
"chr5",88426429,88426429,-0.00887001553196862,0.245878913059195
"chr8",105703739,105703739,-0.0164818644884021,0.183201289778587
"chr8",120897747,120897747,0.0336841363681529,0.198580855735612
"chr5",53606452,53606452,-0.00435808778578158,0.10654289970611
"chr5",171057282,171057282,-0.00251253238639439,0.523887408229385
"chr3",140834386,140834386,-0.00684988409965293,0.691238377001057
"chr5",40485667,40485667,-0.031888876880693,0.000943771938753131
"chr2",74730755,74730755,-0.00462289909239925,0.729205825915786
"chr7",1065285,1065285,0.0107446386584679,0.147169899941235
"chr5",43067133,43067133,0.00394103897173276,0.491150068798592
"chr7",155559523,155559523,0.0081079494856281,0.789416672232469
"chr15",85523625,85523625,0.000680322114940141,0.684772317381852
"chr13",76334039,76334039,0.00439567073154334,0.639922570753064
"chr20",61091410,61091410,0.000465312530380624,0.994317811102852
"chr1",22109175,22109175,-0.00231022800870328,0.324947237774949
"chr5",138551266,138551266,0.00278526016347835,0.818596971227918
"chr1",200860537,200860537,-0.000625629262618846,0.915216475281739
"chr3",55743535,55743535,-0.113748426401047,1.70144690331824e-08
"chr2",157909201,157909201,0.00692075357240696,0.366946683733033
"chr7",151195790,151195790,0.00497055723937034,0.552579075114907
"chr12",56862667,56862667,-0.00343871477711877,0.41933974831989
"chr15",91208760,91208760,0.00730782516096873,0.142589706320254
"chr8",119117303,119117303,-0.000480329921188516,0.963650153700644
"chr16",3143109,3143109,-0.0214684816472479,0.018164264650599
"chr14",22961766,22961766,-0.0271453465332682,0.0437828820767123
"chr3",42979226,42979226,0.00169679178467087,0.860317211746735
"chrX",54831163,54831163,-0.0171666491963126,0.20504918627095
"chr14",63670745,63670745,0.0219079997022214,0.00120544432608637
"chr20",47592548,47592548,-0.00660044291021311,0.809221260816815
"chr1",113250448,113250448,-0.00902210386891955,0.338984224512485
"chr6",119252835,119252835,0.0036744403294855,0.595107317594596
"chr17",2076468,2076468,-0.014398046311601,0.0455248821613886
"chr3",35780851,35780851,-0.0157062840814821,0.437130168375944
"chr10",28428612,28428612,0.0228207522749909,0.124146251193942
"chr1",171765992,171765992,0.00221045333072878,0.810320917008669
"chr17",2264966,2264966,-0.0048174616722565,0.723446277678687
"chr2",242844174,242844174,0.00148052711771385,0.926761814315256
"chr12",122190026,122190026,0.00526839464572826,0.46237836870853
"chr2",11083097,11083097,-0.0137677871964602,0.250588408393435
"chr14",101144141,101144141,0.0121906982291292,0.363794673936027
"chr16",48655341,48655341,-0.00454869321609519,0.626604361067975
"chr15",99092414,99092414,-0.00157863243558976,0.929488995971176
"chr5",35851367,35851367,0.0517917865605207,0.0113273726119747
"chr15",79271516,79271516,-0.0280425401104759,0.0401131653999917
"chr9",86886588,86886588,0.0681117564238723,8.79756900381268e-05
"chr3",117593637,117593637,-0.0382480161234154,1.0732105666684e-06
"chr6",76018362,76018362,-0.065921071147523,0.000480666123091548
"chr14",74608625,74608625,0.0319700387146946,0.00131486631429002
"chr12",132313480,132313480,0.0014980760926697,0.696314431101313
"chr19",36132627,36132627,0.00443644528512055,0.668334350632373
"chr5",157662067,157662067,-0.00680383675024965,0.716026236534764
"chr5",53389853,53389853,-0.0261822780189924,0.302694236058439
"chr20",55800476,55800476,0.0251005207243869,0.0231833378580002
"chr10",119303831,119303831,0.00227357479115348,0.742450005695302
"chr10",27530886,27530886,-0.00361009360285543,0.380021958655269
"chr4",177714456,177714456,-0.00372949405021428,0.701999019809699
"chr7",103498566,103498566,-0.054690587530573,0.00125555822616155
"chrX",148983078,148983078,-0.00706029156890781,0.732286190934833
"chr6",52412686,52412686,0.000476909803334744,0.904295650881346
"chr12",93328735,93328735,-0.0032391617716605,0.597692612386014
"chr15",66309727,66309727,0.0060572914454593,0.592606054621654
"chr22",50158060,50158060,0.0244503756981535,0.0191195430332658
"chr17",72304589,72304589,0.0109417524017397,0.369628808275013
"chr6",137021484,137021484,0.000749600886845947,0.933787873037709
"chr1",226911669,226911669,0.00566970675467251,0.208965668048207
"chr17",27140013,27140013,0.00015651453859461,0.990646105603266
"chr13",31747335,31747335,-0.0333766271702584,0.00899477997929088
"chr10",114894415,114894415,0.00088186761657516,0.916230837902095
"chr7",958244,958244,-0.00587651045054416,0.611322831060585
"chr16",75299141,75299141,-0.000759939388849884,0.871085321652928
"chr5",126984561,126984561,-0.0202959135032303,0.46532108125438
"chr6",138799804,138799804,0.00795997265991011,0.720787511521825
"chr1",153656268,153656268,0.00510943917223577,0.75326597791576
"chr21",37948808,37948808,-0.0694758624345391,7.15390884510246e-06
"chr7",13319243,13319243,-0.0105017669554257,0.534876184918773
"chr3",128968106,128968106,-0.00237884121843433,0.481713419926334
"chr7",135356425,135356425,-0.00491194555287833,0.815562677582841
"chr3",47620990,47620990,0.00564647800613624,0.33957124944391
"chr5",142895720,142895720,-0.0104792040358362,0.215341080558429
"chr3",30673459,30673459,0.0180850752456854,0.143215184019604
"chr11",67819130,67819130,0.00530726813874616,0.788001228711992
"chr2",3403897,3403897,-0.0342126041509022,0.0173086841964412
"chr15",65128554,65128554,-0.000978452927904772,0.953411914553843
"chr12",124615291,124615291,-0.00627712627366309,0.425176348539213
"chr20",42427882,42427882,-0.00627614447633623,0.697138006132835
"chr13",20693341,20693341,-0.00701520185111837,0.508529067473423
"chr6",136346628,136346628,0.0195036278336584,0.0360133334409757
"chr3",52419359,52419359,-0.0130473521305025,0.234696251595743
"chr10",46763211,46763211,-0.00214309184919408,0.677084613725015
"chr15",27128633,27128633,-3.11187210222386e-05,0.937558982171009
"chr3",45986281,45986281,-0.000998361010778659,0.989371592875607
"chr20",3206940,3206940,0.000848080476418045,0.943556705757674
"chr14",23593442,23593442,-0.071120460098947,7.76007680804124e-06
"chr1",151584686,151584686,0.00140905445601425,0.619406726995476
"chr4",120971613,120971613,0.0276389929650468,0.10649194380623
"chr6",41394156,41394156,-0.0428857385719208,0.0014989744816883
"chr5",94622679,94622679,0.0275595458402098,0.0104686102279512
"chr13",77460717,77460717,-0.00259706438756852,0.383496392818854
"chr1",2943306,2943306,0.000588873007197066,0.963698754315722
"chr14",22971114,22971114,-0.00701570076382285,0.393082528847247
"chr6",426812,426812,0.0304884659600172,0.00285416647297504
"chr1",155164363,155164363,-0.00889839300520469,0.0298919974689126
"chr3",64670985,64670985,-0.0277398512901544,0.00271020011811836
"chr16",2207865,2207865,-0.0366449979089286,0.00323743928338781
"chr1",16330784,16330784,0.0264144578063814,0.00138122478618899
"chr20",1165435,1165435,-0.0445156969161006,3.46076927382203e-05
"chr8",27733234,27733234,-0.00843008157675684,0.540348682349961
"chr17",693137,693137,0.0105795268908052,0.649323171102351
"chr19",45004637,45004637,0.00485462428076283,0.239264713294775
"chr6",30658796,30658796,-0.000343932456538083,0.940144391957646
"chr1",243584886,243584886,-0.0204072636375264,0.00818059657939957
"chr4",180981036,180981036,0.00784382202390062,0.139886329493667
"chr16",19727911,19727911,-0.000226369061810283,0.972322597360384
"chr22",34285236,34285236,2.26966337060208e-05,0.987186224357672
"chr2",219858000,219858000,0.0359047836564755,0.000257101310899717
"chrX",72781662,72781662,0.0853862650430551,1.67226287725185e-05
"chr9",136964795,136964795,0.000140301742950433,0.99283040029612
"chr3",61649924,61649924,0.00987097285829053,0.341166597471854
"chr1",54638490,54638490,-0.00150251847805094,0.904178583773627
"chr2",224069430,224069430,-0.00501634764013437,0.502045990476645
"chr16",27709701,27709701,0.0108496599802353,0.285419107578654
"chr1",9189507,9189507,-0.00523668289348632,0.522630953239933
"chr1",162874807,162874807,-0.0031801024542325,0.650546297701268
"chr14",101360015,101360015,0.0169482713512789,0.0662248654378648
"chr11",105115332,105115332,0.0152107836297242,0.200733731495914
"chr2",194106027,194106027,0.00685773766140219,0.647017341847942
"chr7",16793477,16793477,-0.00781380740977515,0.132299534724561
"chr10",128360149,128360149,-0.00627193307518958,0.691702038267356
"chr1",92036018,92036018,0.000542230887488615,0.951964141991828
"chr2",220283175,220283175,-0.0993381814240264,4.65035594992379e-07
"chr10",89463417,89463417,0.0209569659454278,0.0535559136578987
"chr2",40065186,40065186,0.0375370694816309,1.96341046951744e-05
"chr17",3859977,3859977,-0.018398017842675,0.0780475977689349
"chr2",20272468,20272468,0.00886575783697097,0.472638123314871
"chr3",57314448,57314448,0.00019648878791878,0.996698183214489
"chrX",10135223,10135223,-0.00939953205771366,0.575247728580219
"chr4",185942529,185942529,0.00105546336941127,0.781643405957016
"chr12",123458963,123458963,-0.00483537339116756,0.469154841855162
"chr1",91178472,91178472,-0.0346378563969802,0.000630672875963591
"chr9",127101893,127101893,-0.0307261508041042,0.129580898038314
"chr6",27107019,27107019,-0.00442306655752349,0.119043320949672
"chr10",112571038,112571038,0.00405537059740424,0.761429233203575
"chr20",58838244,58838244,0.0124193994364386,0.0441531377842026
"chr3",37172162,37172162,-0.000448413323886343,0.965836526503768
"chr11",84635906,84635906,0.00808552430704632,0.465167396433389
"chr16",57481227,57481227,-0.00523884654709968,0.444567226430996
"chr11",18127670,18127670,0.00242411992895105,0.370725156811415
"chr9",21513614,21513614,0.0115807751009092,0.484851374807515
"chr8",49532875,49532875,0.00215571996251862,0.882722699280477
"chr1",22676140,22676140,0.0150244154055156,0.501765140891844
"chr4",150855245,150855245,0.000879388292215788,0.933898852521537
"chr15",25522171,25522171,0.0430491856742521,0.00200018400426665
"chr21",34576523,34576523,0.00269205088491742,0.722348279732486
"chr3",32186929,32186929,0.00913988099315677,0.595257792709342
"chr6",8085918,8085918,0.00549740171922253,0.60264992328416
"chr2",121468820,121468820,0.0064237782958666,0.584060503522416
"chr15",72102758,72102758,-0.00786263516249051,0.246785749142944
"chr17",74534178,74534178,0.108551575195364,8.7831291813078e-09
"chr8",102149495,102149495,-0.00548561795685049,0.102008904211729
"chr2",54623578,54623578,-0.00035738229829585,0.967104148833981
"chrX",117861389,117861389,-0.045611791704351,2.38515309166463e-05
"chr18",77082448,77082448,0.00799011974266028,0.338064252025463
"chr17",76774832,76774832,0.00122212913122133,0.924560026730181
"chr6",71817773,71817773,-0.0203664039458677,0.00141070158897779
"chr7",141713321,141713321,-0.00378548065602058,0.915220358534123
"chr5",131915364,131915364,0.00993732303875738,0.427892252258635
"chr19",14064254,14064254,0.00502845954906916,0.689221237883721
"chr13",107027718,107027718,0.00661296992634886,0.0730965590563938
"chr5",140165766,140165766,-0.0710509820486649,1.25599065236698e-05
"chr17",33888107,33888107,-0.00260282251076349,0.847905791299857
"chr13",38145678,38145678,0.00987557010789231,0.543368253615324
"chr13",20711042,20711042,0.10842178501571,1.90671780810461e-08
"chr16",67929243,67929243,0.00213495968514707,0.729420645751393
"chr6",33247509,33247509,0.0074304807586022,0.635018776139301
"chr1",64259396,64259396,0.00364781731509767,0.767097558697616
"chr18",5640693,5640693,0.00253033409094228,0.75669810227217
"chr18",60118020,60118020,-0.00149847962127999,0.768808099383484
"chr17",4871194,4871194,0.000398638076332829,0.98204910163593
"chr9",90794482,90794482,0.00786700507710048,0.395377437467462
"chr12",118750837,118750837,0.0113364954347496,0.617803019531093
"chr6",32290111,32290111,0.0284529204799397,0.209472347576327
"chr16",87993346,87993346,-0.00334156819543063,0.829572635886816
"chr12",110486293,110486293,-0.00717878654316,0.179570463394504
"chr10",114039492,114039492,-0.0112707581613477,0.616672898664121
"chr10",123928264,123928264,-0.0350914195340579,0.00750816038856969
"chr20",55363295,55363295,0.00108201333488833,0.958031798959961
"chr12",32308125,32308125,-0.0086610544763283,0.292181111121832
"chr5",146232064,146232064,0.0679312952741459,0.00146047501489317
"chr3",124880218,124880218,-0.00311879972999651,0.817334112731279
"chr16",59216118,59216118,0.00668624510957783,0.487938267456927
"chr3",88107754,88107754,-0.00734823949214115,0.241282148292861
"chr17",6337276,6337276,-1.27667298461809e-05,0.992696154708211
"chr1",25240865,25240865,-0.0135468346763634,0.26185451057525
"chr5",59678808,59678808,-0.000213419536743364,0.980748449148485
"chr4",113738613,113738613,0.00721028528008472,0.664106820501221
"chr19",18531183,18531183,-0.000653561405987733,0.847944760643575
"chr6",32134270,32134270,0.0154671305785716,0.086605955965881
"chr11",76152669,76152669,0.00799732341377185,0.570139544101007
"chr15",74421531,74421531,-0.0080869487676495,0.0701324821511847
"chr20",32228408,32228408,-0.0221636787708059,0.276597459521363
"chr17",44847268,44847268,-0.000898057994104806,0.843786864376705
"chr15",52861552,52861552,-0.0157901861096012,0.255032126737335
"chr5",92684164,92684164,-0.00494448583981699,0.63600349239497
"chr17",1629825,1629825,0.00620540448967533,0.706697533626737
"chrX",132095360,132095360,-0.00966074683138762,0.403557820093171
"chr19",47181892,47181892,0.00904129664250874,0.0213849625504273
"chr11",65309624,65309624,-0.0101178661280256,0.259199053128973
"chr17",67513733,67513733,0.0104570531934099,0.0893715341726952
"chr4",4293079,4293079,0.00715917527942589,0.518567694647035
"chr10",78457164,78457164,-0.00635007769577572,0.61680617742097
"chr17",7253585,7253585,-0.00950075710245409,0.0443008396012038
"chr7",157602378,157602378,0.00443938192252902,0.214909932812785
"chr10",7708934,7708934,0.00529037485055249,0.598447519036793
"chr16",81254209,81254209,-0.000497993894820969,0.978155575700209
"chr22",17517329,17517329,0.0018654642144571,0.880522334142236
"chr1",235029662,235029662,0.0231016140281572,0.0225337271443936
"chr10",12808422,12808422,0.00548418532942074,0.486389419039605
"chr19",49339776,49339776,-0.0131776036725258,0.0234302618740795
"chr6",170597494,170597494,0.017074655152379,2.43316104900622e-05
"chr6",31830937,31830937,0.00124404495285753,0.896655464008887
"chr20",44573554,44573554,0.00938043408486566,0.167689706412345
"chr19",47551642,47551642,0.00350418922777743,0.321361244622098
"chr4",88929658,88929658,-0.00207098234364888,0.809328423658758
"chr13",45384227,45384227,-0.00473447433010588,0.577619922571847
"chr3",107148372,107148372,0.0273355365829434,0.0307836510117927
"chr3",129322537,129322537,-0.00239036268207363,0.571317752671991
"chr22",17850431,17850431,0.00154959705534867,0.825767435984792
"chr5",179737967,179737967,0.00114902821652207,0.939494722299039
"chr12",13892796,13892796,0.00257137172484385,0.683247252059041
"chr6",33383819,33383819,-0.0108564905408185,0.557395857632553
"chr11",44785768,44785768,-0.0020061103361837,0.788140244852147
"chr8",144073050,144073050,-0.0060913051474154,0.781410366686408
"chr2",3489744,3489744,0.00533243986779863,0.400855161541555
"chr15",90744188,90744188,0.00280742994009933,0.532015630606684
"chr1",249167489,249167489,-0.000221175094209825,0.947159783358544
"chr11",44972890,44972890,-0.023668383862075,0.0391223176673777
"chr4",140334850,140334850,-0.0216151191840848,0.0442752395894935
"chrX",105280886,105280886,-0.0190163392916686,0.129323101101375
"chr12",123422696,123422696,0.000497657666783446,0.97217056902363
"chr1",150265600,150265600,-0.00664705646508867,0.440394056689306
"chr10",131987259,131987259,-0.00476157145458289,0.767132737842437
"chr20",22284641,22284641,-0.0128329385651386,0.319132743664289
"chr16",3497280,3497280,0.00445322966991357,0.356857096075767
"chr3",46904789,46904789,0.0502700153532534,1.82959325951202e-05
"chr11",58343791,58343791,0.00293802634978357,0.567210557214466
"chr7",151766502,151766502,-0.0192022127100419,0.0682206789383325
"chr11",115024943,115024943,0.0128579443672312,0.0812890824627456
"chr7",155336017,155336017,-0.00773294920932488,0.497315842301715
"chr5",132709224,132709224,0.00560680190979246,0.471941231914536
"chr1",156471610,156471610,-0.0122248628585526,0.364034173285885
"chr4",174457224,174457224,0.0157285292613254,0.0780779600098336
"chr21",47470311,47470311,0.00171813893398942,0.855821500776667
"chr3",69590374,69590374,-0.0156244822092059,0.143417747142217
"chr5",94891623,94891623,-0.00221033692842727,0.90143778852233
"chr22",26946180,26946180,0.010783568593879,0.103156597958155
"chr19",37717180,37717180,0.0135699685332662,0.604388807061039
"chr6",41339358,41339358,-0.0108769210535848,0.023385739643538
"chr6",160692423,160692423,-0.00174793111353921,0.798172247000037
"chr10",1034318,1034318,0.0026087212077389,0.645927864196875
"chr11",65809995,65809995,0.0153489177390319,0.100779753467924
"chr4",76735949,76735949,-0.00600934157278721,0.238218927733362
"chr19",47435744,47435744,0.0190062160568735,0.0721735398137363
"chr3",51859693,51859693,-0.00274276122878059,0.80389725859867
"chr3",107393310,107393310,0.0050187690876532,0.588328044737718
"chr19",54670338,54670338,-0.0133866004015492,0.211541607413063
"chr1",46993347,46993347,-0.025995644324051,0.00167298581611633
"chr13",96707199,96707199,0.0088153459784801,0.663210663269182
"chr1",36863565,36863565,0.000848053853270032,0.782004276543844
"chr2",177502854,177502854,-0.0402992052591971,1.52458496776789e-06
"chr11",47236587,47236587,-0.00260765236592721,0.873954224202164
"chr7",102477205,102477205,0.0152608646523895,0.477799058612094
"chr3",128068880,128068880,-0.00219139605872509,0.723817186874072
"chr7",96631089,96631089,0.0582575867410466,0.0039152609946703
"chr10",14614200,14614200,0.0410217401194508,1.76968964343437e-06
"chr14",71660200,71660200,-0.00102543990412263,0.937568689255918
"chr5",82243,82243,-0.0273567597388253,0.00704040169574224
"chr15",65579214,65579214,-0.000804237709389533,0.920234851834694
"chr10",5237869,5237869,0.0260719621557416,0.180333073766019
"chr15",27185988,27185988,-0.00681814613409959,0.479567282255093
"chr16",89653835,89653835,-0.0052099359236254,0.00265135067492193
"chr12",120966863,120966863,0.00189106140486085,0.742739598933025
"chr17",27341766,27341766,0.0404785888509589,0.00160801546903618
"chr14",93127455,93127455,0.00755060658855899,0.733607214095559
"chr3",45687022,45687022,0.0075487598076851,0.395895570034256
"chr8",74792031,74792031,0.0187900545562801,0.431445241643159
"chr5",54448226,54448226,-0.0254617811204396,0.00421456406082238
"chr19",8271179,8271179,0.0063104777896138,0.299311564554923
"chr15",87175137,87175137,-0.00892337586210956,0.463157357703959
"chr12",96441084,96441084,0.00710996548886156,0.492940111777092
"chr17",21115283,21115283,0.00194134821224512,0.835008486368038
"chr17",78519103,78519103,-0.00352351211211645,0.393135640158818
"chr3",6722213,6722213,-0.00201414116918219,0.891988397386334
"chr8",105508508,105508508,0.00645847735596139,0.308680758942709
"chr2",233389143,233389143,0.000556329026083428,0.923232397054911
"chr15",45398423,45398423,-0.023910905152638,0.00901972168244424
"chr9",98545297,98545297,0.013712417736652,0.153877412916957
"chr22",46473074,46473074,-0.041725349786041,0.000630814021007717
"chr1",215362659,215362659,0.00118906664247398,0.936708555179694
"chr1",218716543,218716543,0.0163154021891933,0.193300353661728
"chr2",233498682,233498682,-0.00596645053573135,0.10263817754826
"chr5",1841548,1841548,0.0121907890583778,0.190973885584478
"chr2",155554844,155554844,-0.00938985355670899,0.0623625529279309
"chr8",72757924,72757924,0.0171344156522813,0.00427227727628787
"chr2",45233773,45233773,0.00317662157766541,0.855735492149643
"chr22",42292183,42292183,-0.0105236701158187,0.38175333161625
"chr2",138714187,138714187,0.0226244945801942,0.0264535762735219
"chr12",2339513,2339513,0.00366691175599321,0.340052259396391
"chr4",119606443,119606443,0.00297349961800138,0.672571029926466
"chr4",37804023,37804023,0.0203569398071458,0.032198994217001
"chr16",11410036,11410036,-0.0224288320911573,0.0350428140947586
"chr19",19221392,19221392,0.0365370964825414,0.0145041027206467
"chr19",52074312,52074312,-0.00886912971237651,0.355239125884615
"chr1",180923076,180923076,0.00135610135973985,0.602850253704823
"chr2",197457420,197457420,-0.000636335065811539,0.928172497475071
"chr2",197504139,197504139,-0.0132694259935204,0.00508424018014653
"chr1",173991365,173991365,0.000515529126582065,0.924081840462593
"chr5",141228991,141228991,-0.00511489107109839,0.415561422299779
"chr19",52490339,52490339,-0.00617819222532906,0.613660525905179
"chr21",38711222,38711222,0.00483112335630387,0.685529284902889
"chr6",28887928,28887928,0.00429863031208166,0.475347582787687
"chr20",45143425,45143425,0.00982171321499825,0.0870628232422939
"chrX",134220646,134220646,-0.00566714248543658,0.575511792999967
"chr15",94472930,94472930,0.00218742513704873,0.920336225842835
"chr1",28286837,28286837,0.0484068088952121,0.000131894189108498
"chr11",22647410,22647410,-0.019347556742625,0.103660587392756
"chr7",28452098,28452098,0.0287854736984949,0.0263056574840948
"chr12",33030976,33030976,0.0110990864392294,0.205387096777468
"chr2",55246777,55246777,-0.00531233746365312,0.77513321112616
"chr19",42430253,42430253,-0.00181403210390807,0.86532547000899
"chrX",122542108,122542108,0.0128230557074921,0.455361983366269
"chr13",113770401,113770401,0.00822773337654659,0.127590452333186
"chr17",29482076,29482076,-0.00308382911675198,0.703279723456409
"chr6",30880177,30880177,-0.00586701900850528,0.403589613881162
"chr18",59992984,59992984,-0.0258530782650058,0.00116133728394804
"chr16",87248612,87248612,-0.000439009215772848,0.890442189103437
"chr12",93963601,93963601,-0.00288306704397446,0.659185680229229
"chr19",54584883,54584883,0.0431670949924174,0.00563533129460088
"chr2",201570554,201570554,-0.100967219348345,4.65972043720778e-08
"chr14",77226156,77226156,-0.0131471837247704,0.58560144279743
"chr13",43551819,43551819,0.00509926717864906,0.541784837142653
"chr1",155932794,155932794,0.0131071319620772,0.141895726522179
"chr12",72233970,72233970,-0.000678840991362839,0.89828178582559
"chr19",7674801,7674801,-0.00865491602949042,0.465258911645222
"chr17",4945668,4945668,0.00271189440303909,0.796780376835685
"chr19",19454942,19454942,0.00701829348739769,0.390315821847078
"chr7",105847641,105847641,-0.0119184174872967,0.144251104842379
"chr3",39159784,39159784,0.0144085132320251,0.118383750390776
"chr3",124839847,124839847,-0.00477944816261799,0.240267000881641
"chr1",228673723,228673723,0.00398591727287334,0.763836265458848
"chr5",136983354,136983354,-0.00181505020350436,0.747136179090263
"chr3",3152201,3152201,-0.0167284786228519,0.205254341287793
"chr10",1034168,1034168,0.00306702912687935,0.347375038718653
"chr2",2295506,2295506,0.00980665803100655,0.248061256629437
"chr8",18892080,18892080,-0.000717164487918587,0.945152045222083
"chr10",1068567,1068567,-0.0185103458963383,0.0339392539538506
"chr5",176742719,176742719,-0.00180310540038564,0.859108485218503
"chr5",137610988,137610988,0.00349406874937408,0.808359674777877
"chr2",240162187,240162187,-0.000163462513938506,0.98555635472085
"chr2",182549604,182549604,-0.0105353487351663,0.0343938237438292
"chr17",1633745,1633745,-0.0457264365901601,0.000426793487070932
"chr1",11915195,11915195,-0.0452426726215289,5.02941905471939e-05
"chr1",33793808,33793808,-0.00111125227348052,0.93108793338633
"chr12",121661762,121661762,0.000146954797487053,0.987805597027291
"chr16",9056616,9056616,-0.00333715677693658,0.253725023837671
"chrX",72668487,72668487,0.0486626989995258,5.63911728273293e-05
"chr1",23088573,23088573,-0.025252134737196,0.0617426398621205
"chr3",119276917,119276917,0.00694883880333808,0.197489913508071
"chr3",57541949,57541949,-0.00692073139435766,0.144482491854647
"chr14",101003831,101003831,0.00905772964153573,0.214556158489626
"chr12",53651727,53651727,0.00446858485023194,0.569952892170283
"chr11",57282517,57282517,0.0107253948921869,0.112356617483096
"chr1",100715592,100715592,-0.000483311895412508,0.987785495421551
"chr1",11892551,11892551,0.00758736251893966,0.542012398900409
"chr1",17025723,17025723,-0.00756636894330315,0.481246061530356
"chr17",11035075,11035075,0.0165299208278246,0.217058154092538
"chr1",235468148,235468148,-0.00037517882773408,0.999445886121343
"chr3",153942432,153942432,1.24322127392773e-06,0.997995656537803
"chr2",120581654,120581654,0.0189431536467018,0.621605658563117
"chr19",54382665,54382665,0.00161840823214333,0.830743568799186
"chr18",77893982,77893982,-0.000162523240715751,0.98321838573289
"chr9",754459,754459,-0.00426181631886802,0.636552338291487
"chr5",1217080,1217080,-0.0485681480431328,5.38574893366592e-06
"chr4",186350505,186350505,-0.00176641401928657,0.899651873635691
"chr7",35577269,35577269,-0.00282457155292277,0.585977172851224
"chr6",113340447,113340447,0.0134437647869502,0.171069658496837
"chr9",124726047,124726047,0.0560793365064896,0.00215296011117509
"chr15",80544652,80544652,0.00403715892992562,0.564198743164554
"chr13",93707434,93707434,0.0184994570935388,0.366925177891883
"chr3",172033145,172033145,0.0166529241870728,0.11844707655996
"chr11",133788902,133788902,0.00733270877455183,0.500023483754938
"chr11",73851991,73851991,-0.0039578681441077,0.616785314637218
"chr13",93901456,93901456,0.00705814208093303,0.453213796835991
"chr16",2863919,2863919,-0.0147503150954232,0.161316213618
"chr19",42434572,42434572,-0.0100530526235354,0.0423838159918477
"chr1",38734520,38734520,-0.0111252214360298,0.481282836977022
"chr9",100175029,100175029,0.0122601577274698,0.190278401524734
"chr10",99534710,99534710,-0.00682176959553299,0.7147829689552
"chr19",2269889,2269889,-0.00108228425251387,0.846182504522016
"chr8",145701192,145701192,-0.00217014420291028,0.523612369180091
"chr2",137165857,137165857,-0.0145802272652525,0.130214534294537
"chr3",128157779,128157779,0.00442900341129082,0.764138554728548
"chr7",157129685,157129685,-0.00410428302195864,0.144959407035677
"chr5",132948217,132948217,0.000769510943291085,0.774553290032071
"chr6",33254460,33254460,-0.000353670625437785,0.987526513870703
"chr6",155507793,155507793,-0.0252076761080589,0.105648595798911
"chr5",151784251,151784251,0.00058463056929714,0.745689279109681
"chr19",17666514,17666514,0.0021060201117812,0.446724141334493
"chr1",6381022,6381022,1.5152974766619e-05,0.977575147551116
"chr7",127506210,127506210,-0.00734566789070612,0.322694259101924
"chr3",50541026,50541026,-0.000555496617734248,0.852510297030898
"chr12",52166965,52166965,0.00364498312094241,0.415490112735373
"chr14",55594613,55594613,0.0221886772046178,0.0892506478789602
"chr10",131934732,131934732,0.00281443768493667,0.401812118364023
"chr1",221055964,221055964,-0.00393658849567702,0.728184477584101
"chr14",104583653,104583653,0.0193193596226569,0.0543772577487105
"chr5",168544145,168544145,-0.0501703126960868,1.42575093775723e-05
"chr7",116165605,116165605,-0.0124417158745179,0.13658024895411
"chr6",26235699,26235699,0.0602878930896327,0.00284236260418925
"chr17",4984094,4984094,0.00686897564557254,0.468820741569259
"chr14",104608332,104608332,0.0178239987325816,0.118636549221644
"chr13",30424914,30424914,0.00179259470868771,0.658578312414821
"chr4",89200650,89200650,-0.00803624303152195,0.533001658791385
"chr8",79514347,79514347,0.00142682745507761,0.951568951612875
"chr19",49982084,49982084,-0.00782394923962365,0.426917179152003
"chr12",13128270,13128270,0.00237856280936222,0.802018453497181
"chr1",94454989,94454989,0.00764924152798663,0.542155318930506
"chr1",115170201,115170201,0.0178606980859568,0.0784566850997999
"chr12",53298822,53298822,0.0122691929807882,0.367677618163915
"chr8",87670219,87670219,0.00165955555795094,0.914531028243502
"chr1",181480848,181480848,-0.0562396451791026,4.50026801129241e-07
"chr9",102793395,102793395,-0.000898106263664933,0.938234955570539
"chr1",64087627,64087627,0.00142055153487552,0.871677243469395
"chr14",50065205,50065205,-0.000389901290147793,0.954788785104618
"chr6",109771699,109771699,0.00818849690836576,0.157326641734059
"chr2",191438330,191438330,0.00392708848132994,0.804484233403469
"chr6",34433713,34433713,-0.00041332170037417,0.844008625072256
"chr3",11749113,11749113,0.00608944269927891,0.710138240349068
"chr5",135380490,135380490,0.0123907725032463,0.338703805498761
"chr21",32411919,32411919,0.0629591400213164,0.00021581599567195
"chr2",61108587,61108587,-0.000822558852000471,0.801641886110112
"chr1",1447374,1447374,-0.0028658137566183,0.233681765249453
"chr5",52904083,52904083,0.00418548896559223,0.882575345679588
"chr16",3233298,3233298,-0.000451294249910972,0.982589673600379
"chr1",59165868,59165868,-0.00864120262975493,0.0486040851879037
"chr7",135194977,135194977,-0.00669487963717835,0.281953140237124
"chr6",168293749,168293749,0.00690923654005848,0.746709479566153
"chr17",79071378,79071378,0.0063703331218331,0.397039375236799
"chr20",57428366,57428366,-0.00104266244866535,0.926381319877405
"chr17",77006381,77006381,0.0117564415915299,0.396100656143023
"chr13",20644418,20644418,-0.0115008445107493,0.351499441350704
"chr17",66507063,66507063,-0.0097636894864972,0.785883758877613
"chr2",61101593,61101593,0.00635427987012915,0.456203645898671
"chr17",76778892,76778892,-0.00866021432275407,0.149237877030552
"chr21",43705995,43705995,0.0269496241008402,0.0135634047537713
"chr16",73104575,73104575,-0.0494161525145905,0.000176144990580664
"chr7",1199903,1199903,-0.000218992403466955,0.903607835998474
"chr17",7690327,7690327,-0.00085633993117018,0.732813624048688
"chr3",147795869,147795869,0.0402469121654746,0.0502482561838896
"chr11",128321749,128321749,0.00395203245487841,0.779479704727901
"chr1",213704987,213704987,0.000732918276719952,0.945698902746928
"chr1",100608293,100608293,0.0186301721568765,0.356952964711805
"chr8",1112796,1112796,0.0770008576676632,0.00151123955022912
"chr6",109169484,109169484,0.000161146383459397,0.983037788362644
"chr17",6245389,6245389,0.00314919636588962,0.835934209772561
"chr6",131908781,131908781,0.027349259858788,0.0170543264116667
"chr16",87753701,87753701,0.00578970469428419,0.327978970484154
"chr1",186423646,186423646,-0.0347543928087145,0.0367504642748037
"chr7",6272064,6272064,-0.00216296676971617,0.855134162348183
"chr5",21461516,21461516,0.00743100398950369,0.519503421603713
"chr9",139802196,139802196,-0.00160565152031733,0.825921553370714
"chr2",32503542,32503542,-0.00795788633558513,0.177371375621244
"chrX",129445241,129445241,0.00854138569141305,0.749230319613479
"chr12",54607167,54607167,-0.0463649860447078,0.00256125585770194
"chr1",26799679,26799679,0.00474663189191486,0.455357880419241
"chr2",47266465,47266465,0.00534069056796949,0.635269739206945
"chr6",155063669,155063669,0.00972520645391628,0.546314011392132
