Probe,Chromosome,Map Information,Gene Name,Closest TSS Gene Name,Distance_closest_TSS,Annotated Genomic Region,EOPE Δβ- Discovery Cohort,EOPE vs Pre-term p-value- Discovery Cohort,EOPE Δβ- Validation Cohort,EOPE vs Pre-term p-value- Validation Cohort
cg00159987,chr7,41848739,,INHBA,-106033,Enhancer,0.10,6.36E-06,0.08,2.42E-02
cg00251358,chr5,81931501,,MIR3977,-204472,Enhancer,0.12,2.00E-04,0.09,2.67E-01
cg00415333,chr6,137493017,IL22RA2,IL22RA2,1768,Enhancer,0.15,1.80E-10,0.04,2.10E-05
cg00445523,chr3,50560456,,CACNA2D2,-19564,Enhancer,0.10,5.24E-07,0.08,3.93E-03
cg00496126,chr10,21569823,,NEBL,-106707,Enhancer,0.15,2.76E-09,0.07,1.29E-04
cg00510149,chr11,10674966,MRVI1,MRVI1,-1118,,0.11,1.44E-07,0.09,1.67E-03
cg00592695,chr8,134545685,ST3GAL1,ST3GAL1,38498,Enhancer,0.28,4.51E-14,0.12,5.67E-07
cg00659129,chr8,131414614,ASAP1,ASAP1,41292,,0.10,1.08E-09,0.07,7.27E-05
cg00713022,chr19,15215943,,SYDE1,-2270,N_Shelf,0.15,4.87E-07,0.09,3.67E-03
cg00736681,chr8,134546052,ST3GAL1,ST3GAL1,38131,Enhancer,0.16,7.38E-12,0.04,5.26E-06
cg00762397,chr1,203454010,PRELP,PRELP,9128,N_Shore,0.11,1.41E-08,0.02,3.47E-04
cg00779924,chr10,8094641,FLJ45983,BC036297,771,Island; Promoter,0.11,3.08E-05,0.05,8.25E-02
cg00813886,chr4,6974154,TBC1D14,TBC1D14,-14734,Enhancer,0.10,5.07E-06,0.02,2.06E-02
cg00832924,chr7,117449060,CTTNBP2,CTTNBP2,64501,Enhancer,0.13,4.52E-05,0.01,1.11E-01
cg00902849,chr16,80926783,,AK093002,-290,,0.10,4.07E-04,0.09,3.89E-01
cg00964446,chr1,203023637,PPFIA4,PPFIA4,-2274,Enhancer,0.10,2.63E-06,0.12,1.19E-02
cg00990977,chr20,17659317,RRBP1,RRBP1,3611,N_Shelf,0.14,3.15E-08,0.09,6.22E-04
cg00992055,chr9,127571598,OLFML2A,OLFML2A,8446,N_Shore,0.10,1.08E-09,0.11,7.29E-05
cg01033642,chr16,81564192,CMIP,CMIP,35239,,0.13,1.17E-14,0.08,2.50E-07
cg01116873,chr7,121339354,,7SK,-37142,,0.11,1.85E-04,0.05,2.60E-01
cg01127412,chr3,39232857,XIRP1,XIRP1,1228,Enhancer,0.11,3.11E-09,0.09,1.39E-04
cg01140247,chr10,77784369,C10orf11,Metazoa_SRP,217702,,0.12,2.20E-08,0.09,4.61E-04
cg01207473,chr6,159359940,,C6orf99,50322,N_Shore; Enhancer,0.10,4.46E-05,0.10,1.09E-01
cg01238639,chr4,117624749,,TRAM1L1,381987,N_Shore,0.11,2.96E-05,0.06,7.74E-02
cg01257345,chr17,26655561,IFT20;TMEM97,TNFAIP1,-2590,Enhancer,0.14,3.93E-08,0.03,6.74E-04
cg01323840,chr16,12901108,,CPPED1,-3364,S_Shelf,0.12,1.64E-08,0.04,3.72E-04
cg01334432,chr1,209604583,LOC642587;MIR205,MIR205,-894,,0.10,9.88E-10,0.03,6.54E-05
cg01412654,chr3,12328084,PPARG,PPARG,-1264,N_Shore,0.13,1.30E-09,0.05,8.65E-05
cg01413880,chr2,216734826,,Mir_548,-8732,Enhancer,0.13,2.77E-11,0.06,9.62E-06
cg01427300,chr13,49921879,CAB39L,CAB39L,53856,,0.10,7.06E-08,0.06,1.12E-03
cg01491071,chr2,206789816,,BC047484,-160539,N_Shore,0.10,4.39E-07,0.10,3.56E-03
cg01519765,chr3,185828120,ETV5,ETV5,-1219,S_Shore,0.13,1.15E-08,0.03,2.90E-04
cg01522692,chr10,8117015,GATA3,GATA3,20349,Enhancer,0.10,5.91E-10,0.05,4.25E-05
cg01567509,chr1,15104223,KIAA1026,KAZN,-146401,,0.10,1.84E-05,0.03,5.65E-02
cg01569173,chr8,98288910,TSPYL5,TSPYL5,1266,N_Shore,0.13,1.05E-04,0.05,2.07E-01
cg01571842,chr3,57934672,,SLMAP,52636,Enhancer,0.11,1.25E-08,0.11,2.99E-04
cg01581050,chr7,139256124,HIPK2,CLEC2L,47451,,0.11,1.29E-09,0.21,8.45E-05
cg01713086,chr8,28268413,,ZNF395,-24436,N_Shore,0.14,2.98E-12,0.00,3.54E-06
cg01869896,chr1,40420299,MFSD2A,MFSD2A,-484,N_Shore,0.10,1.16E-07,0.10,1.47E-03
cg01874183,chr8,120548252,,ENPP2,48037,Enhancer,0.12,6.09E-07,0.03,4.31E-03
cg02023717,chr17,37846697,ERBB2,ERBB2,2305,S_Shelf,0.11,1.39E-07,0.11,1.62E-03
cg02026180,chr3,58028597,FLNB,FLNB,34471,Enhancer,0.11,7.44E-07,0.11,4.56E-03
cg02058483,chr11,35442918,,SLC1A2,-1308,S_Shore,0.10,1.76E-05,0.07,5.51E-02
cg02095697,chr2,397730,,FAM150B,-109422,,0.10,2.07E-04,0.06,2.77E-01
cg02132909,chr7,95454615,DYNC1I1,DYNC1I1,21020,,0.10,3.69E-06,0.02,1.55E-02
cg02147465,chr3,114068139,ZBTB20,ZBTB20-AS1,-2518,N_Shore,0.11,3.68E-04,0.00,3.70E-01
cg02169542,chr9,19932609,,SLC24A2,-143801,N_Shore,0.12,2.90E-10,0.02,2.76E-05
cg02275040,chr14,52007174,FRMD6,U6,17593,Enhancer,0.11,4.21E-08,0.01,7.42E-04
cg02286857,chr2,47297177,TTC7A,TTC7A,75808,Enhancer,0.10,1.83E-08,0.07,4.15E-04
cg02287004,chr2,18606480,,RDH14,135479,Enhancer,0.10,3.22E-06,0.06,1.41E-02
cg02304751,chr4,99583945,,TSPAN5,-4133,S_Shelf; Promoter,0.10,1.86E-05,0.06,5.68E-02
cg02441982,chr17,76183641,AFMID,AFMID,244,S_Shore; Promoter,0.13,8.31E-09,0.09,2.44E-04
cg02448743,chr10,102824003,KAZALD1,KAZALD1,1744,N_Shore,0.11,2.10E-10,0.10,2.32E-05
cg02475236,chr21,42217001,DSCAM,DSCAM,2038,N_Shore,0.12,5.38E-06,0.05,2.17E-02
cg02479177,chr6,113544826,,MARCKS,-633700,,0.12,7.98E-05,0.01,1.74E-01
cg02494582,chr10,128061835,ADAM12,ADAM12,15292,Enhancer,0.14,8.58E-10,0.14,6.15E-05
cg02547035,chr16,81564553,CMIP,CMIP,35600,,0.12,2.17E-10,0.04,2.49E-05
cg02625481,chr2,183667124,,FRZB,64374,Enhancer,0.11,3.80E-08,0.03,6.74E-04
cg02633229,chr15,40674878,C15orf23,C15orf23,-43,N_Shore; Promoter,0.12,1.53E-07,0.05,1.79E-03
cg02770406,chr3,57991450,,FLNB,-2676,N_Shelf,0.20,3.73E-10,0.12,3.38E-05
cg02813710,chr7,105079663,,SRPK2,-39865,Enhancer,0.11,4.01E-05,0.04,1.03E-01
cg02821871,chr19,49133598,SPHK2,SPHK2,4451,Island,0.10,1.02E-06,0.13,6.08E-03
cg02843417,chr16,85949779,IRF8,IRF8,13462,,0.10,8.46E-12,0.07,5.40E-06
cg03078141,chr4,129721849,,PHF17,-8929,Enhancer,0.11,1.10E-07,0.07,1.42E-03
cg03099780,chr13,97864475,,MBNL2,-10098,Enhancer,0.14,1.36E-11,0.08,6.96E-06
cg03174768,chr4,41622588,LIMCH1,LIMCH1,7106,Enhancer,0.10,2.98E-09,0.12,1.37E-04
cg03180819,chr2,166061599,SCN3A,SCN3A,-1022,,0.12,4.21E-12,0.05,3.92E-06
cg03188976,chr7,134443864,,CALD1,-20299,Enhancer,0.12,7.90E-11,0.05,1.64E-05
cg03339817,chr2,128458281,SFT2D3,SFT2D3,-315,N_Shore; Promoter,0.16,8.49E-09,0.11,2.49E-04
cg03349057,chr3,52854843,ITIH4,ITIH4,5151,,0.11,3.30E-06,0.04,1.42E-02
cg03387092,chr3,123493248,MYLK,MYLK,19443,Enhancer,0.13,9.69E-06,0.03,3.23E-02
cg03506656,chr2,163097510,FAP,FAP,2535,Enhancer,0.11,1.82E-05,0.06,5.65E-02
cg03511671,chr1,203019520,PPFIA4,PPFIA4,-790,,0.13,7.49E-08,0.13,1.19E-03
cg03539735,chr14,100402658,EML1,EVL,-35492,,0.10,1.79E-09,0.08,1.01E-04
cg03650068,chr1,25596491,,RHD,-2489,S_Shelf,0.10,3.70E-08,0.07,6.68E-04
cg03720572,chr17,1489671,SLC43A2,SLC43A2,18540,N_Shelf; Enhancer,0.10,1.42E-04,0.00,2.34E-01
cg03728457,chr15,74619595,CCDC33,CCDC33,8696,Enhancer,0.18,1.72E-11,0.00,8.58E-06
cg03730249,chr1,42692013,FOXJ3,GUCA2A,-61618,Enhancer,0.12,1.96E-06,0.03,9.70E-03
cg03752885,chr19,3969736,DAPK3,DAPK3,91,N_Shore,0.14,1.52E-09,0.05,9.22E-05
cg03764092,chr7,139690853,TBXAS1,PARP12,72668,,0.15,1.83E-08,0.03,4.14E-04
cg03777414,chr16,10868974,FAM18A,FAM18A,-21,,0.20,7.36E-11,0.13,1.47E-05
cg03822934,chr4,41505964,LIMCH1,LIMCH1,-34226,Enhancer,0.16,3.53E-12,0.00,3.57E-06
cg03835038,chr17,4475000,,AB062083,6583,,0.10,1.10E-04,0.01,2.13E-01
cg03851970,chr3,69932052,MITF,MITF,6562,Enhancer,0.11,5.29E-05,0.01,1.28E-01
cg03865281,chr10,90364671,LIPJ,LIPJ,18153,,0.11,1.79E-06,0.09,9.16E-03
cg03932039,chr10,126296171,LHPP,LHPP,2402,,0.11,2.34E-08,0.08,4.93E-04
cg04038163,chr4,76925155,CXCL9,CXCL9,3486,,0.14,8.67E-11,0.11,1.67E-05
cg04103490,chr1,228614118,HIST3H3,HIST3H3,-1092,S_Shore,0.13,6.24E-08,0.11,9.81E-04
cg04156940,chr7,55197704,EGFR,EGFR,20165,Enhancer,0.11,1.80E-07,0.04,1.94E-03
cg04358957,chr6,2542813,,C6orf195,81243,Enhancer,0.11,5.96E-05,0.00,1.45E-01
cg04413904,chr16,1088479,,SSTR5,-34276,Island,0.12,1.07E-05,0.12,3.58E-02
cg04507071,chr10,128152124,C10orf90,C10orf90,41530,,0.10,1.40E-07,0.03,1.62E-03
cg04543510,chr5,35028916,AGXT2,AGXT2,-2416,Enhancer,0.10,1.45E-09,0.05,9.08E-05
cg04577249,chr5,172179102,,DUSP1,18532,S_Shelf,0.13,9.28E-11,0.05,1.70E-05
cg04590119,chr7,136563350,CHRM2,CHRM2,9367,Enhancer,0.11,7.37E-05,0.16,1.65E-01
cg04597985,chr4,138114706,,BC031238,-203,,0.11,1.84E-03,0.01,6.83E-01
cg04662250,chr17,21157499,C17orf103,C17orf103,-921,,0.11,1.73E-09,0.12,9.94E-05
cg04677123,chr5,90466501,,AK091866,143718,Enhancer,0.15,3.49E-10,0.09,3.09E-05
cg04696808,chr16,34257170,,UBE2MP1,147592,Island,-0.12,2.31E-03,-0.01,7.30E-01
cg04708790,chr12,113355675,OAS1,OAS1,10937,,0.11,2.33E-05,0.01,6.63E-02
cg04777352,chr8,20208197,,5S_rRNA,60513,Enhancer,0.10,3.17E-07,0.07,2.60E-03
cg04804543,chr8,142233427,SLC45A4,SLC45A4,5246,S_Shore,0.10,1.75E-06,0.12,9.10E-03
cg04804772,chr10,105238873,CALHM3,CALHM3,124,,0.10,6.50E-10,0.03,4.44E-05
cg04858987,chr3,15359338,SH3BP5,SH3BP5,14766,Enhancer,0.14,1.05E-07,0.15,1.40E-03
cg04869006,chr10,99178421,,LOC644215,7381,Enhancer,0.11,1.93E-12,0.01,3.11E-06
cg04897892,chr16,81564314,CMIP,CMIP,35361,,0.16,6.05E-11,0.09,1.41E-05
cg04942251,chr11,63687247,,RCOR2,-2931,S_Shore,0.12,1.99E-08,0.08,4.28E-04
cg04945434,chr11,15668544,,SnoMBII_202,-165105,N_Shelf,0.13,4.30E-07,0.04,3.54E-03
cg04950931,chr12,71552457,TSPAN8,TSPAN8,-678,,0.11,6.00E-06,0.06,2.41E-02
cg04981492,chr19,15218713,SYDE1,SYDE1,500,S_Shore,0.14,6.09E-13,0.05,1.51E-06
cg05046721,chr1,15208255,KIAA1026,KAZN,-42369,Enhancer,0.12,6.05E-07,0.12,4.25E-03
cg05074732,chr2,169196124,,STK39,-92019,Enhancer,0.11,1.15E-05,0.04,3.70E-02
cg05131266,chr14,91591888,C14orf159;SNORA11B,SNORA11B,-881,,0.15,1.32E-12,0.05,2.49E-06
cg05199904,chr5,71251691,,MAP1B,-151426,Enhancer,0.10,2.30E-06,0.09,1.09E-02
cg05211068,chr5,90575141,,AK091866,35078,N_Shore,0.10,2.16E-06,0.08,1.07E-02
cg05213896,chr19,50393653,IL4I1,MIR4750,2226,Island; Enhancer; Promoter,0.11,1.06E-05,0.05,3.51E-02
cg05371908,chr1,64899587,,CACHD1,-36888,Enhancer,0.11,7.88E-07,0.10,4.63E-03
cg05394210,chr11,31130488,,DCDC5,-1981,Enhancer,0.12,7.24E-04,0.08,5.01E-01
cg05399718,chr12,123555535,PITPNM2,LOC100507091,-10395,Enhancer,0.10,3.14E-09,0.01,1.39E-04
cg05467828,chr10,134207130,,PWWP2B,-3571,N_Shelf,0.10,1.49E-06,0.11,7.78E-03
cg05507514,chr3,153842846,SGEF,ARHGEF26,3698,S_Shelf,0.11,3.17E-07,0.08,2.56E-03
cg05521767,chr11,75230135,GDPD5,GDPD5,6464,Enhancer,0.17,2.49E-11,0.18,9.58E-06
cg05590265,chr6,133889379,,AK093513,-60584,Enhancer,0.10,1.51E-06,0.09,7.81E-03
cg05663031,chr3,187453721,BCL6,BCL6,564,N_Shore,0.12,1.21E-11,0.18,6.22E-06
cg05797770,chr1,16470667,EPHA2,EPHA2,11915,,0.11,6.90E-06,0.02,2.58E-02
cg05819416,chr1,214140498,,PROX1-AS1,-890,,0.10,3.90E-05,0.08,9.58E-02
cg05937737,chr3,170303540,SLC7A14,SLC7A14,323,Island,-0.11,3.20E-04,-0.03,3.50E-01
cg06056170,chr3,101565937,NFKBIZ,NFKBIZ,-2420,N_Shelf,0.10,5.10E-09,0.03,1.94E-04
cg06070445,chr3,187453772,BCL6,BCL6,513,N_Shore,0.12,1.55E-09,0.16,9.25E-05
cg06220112,chr4,80004287,,LOC100505875,111386,Enhancer,0.14,2.98E-06,0.02,1.38E-02
cg06285340,chr15,74659901,CYP11A1,CYP11A1,180,S_Shore,0.10,8.38E-09,0.13,2.48E-04
cg06340382,chr3,152464125,,P2RY1,-88610,Enhancer,0.12,1.01E-05,0.06,3.32E-02
cg06375062,chr2,40149258,,LOC100128590,4485,,0.10,8.65E-07,0.04,5.65E-03
cg06377626,chr13,103454176,BIVM,KDELC1,-2772,S_Shore,0.11,6.66E-10,0.01,4.62E-05
cg06480942,chr7,73116029,STX1A,MIR4284,-9617,N_Shelf,0.14,8.74E-08,0.04,1.29E-03
cg06495803,chr12,6553489,CD27,CD27,-561,Enhancer,0.11,3.98E-08,0.02,7.01E-04
cg06520450,chr3,189507396,TP63,TP63,-52,,0.10,1.20E-05,0.04,3.92E-02
cg06609646,chr5,125758447,GRAMD3,GRAMD3,-421,N_Shore;Promoter,0.10,1.77E-08,0.19,4.00E-04
cg06617636,chr14,69256690,ZFP36L1,ZFP36L1,3941,Island,0.11,1.22E-05,0.03,4.06E-02
cg06621691,chr7,4175814,SDK1,SDK1,6498,,0.10,5.93E-06,0.09,2.40E-02
cg06641593,chr3,38034235,VILL,VILL,-842,N_Shore; Enhancer,0.11,4.95E-09,0.09,1.87E-04
cg06665333,chr16,87873837,SLC7A5,SLC7A5,29263,,0.12,9.34E-06,0.01,3.19E-02
cg06685875,chr5,95744021,PCSK1,PCSK1,4668,Enhancer,0.10,1.55E-06,0.04,8.10E-03
cg06691616,chr4,139531098,,SLC7A11,-367595,Enhancer,0.12,6.57E-06,0.02,2.49E-02
cg06826449,chr1,214553902,PTPN14,PTPN14,84398,N_Shelf; Enhancer,0.11,5.71E-06,0.07,2.32E-02
cg06867755,chr2,225397387,CUL3,CUL3,37155,Enhancer,0.11,7.89E-09,0.05,2.41E-04
cg06912936,chr5,169935197,KCNIP1,KCNIP1,4150,S_Shelf,0.10,5.19E-11,0.03,1.28E-05
cg07012178,chr7,151304708,PRKAG2,PRKAG2,-12171,S_Shelf; Enhancer,0.12,2.69E-14,0.02,2.97E-07
cg07095945,chr15,85415281,ALPK3,ALPK3,7697,,0.11,1.68E-08,0.11,3.82E-04
cg07116919,chr7,136558341,CHRM2,CHRM2,4358,S_Shelf,0.13,2.74E-05,0.04,7.26E-02
cg07125981,chr10,35330496,CUL2,CUL2,32762,Enhancer,0.11,1.93E-04,0.03,2.63E-01
cg07168214,chr17,7380112,ZBTB4,ZBTB4,2832,N_Shelf; Enhancer,0.13,2.30E-11,0.14,9.54E-06
cg07177437,chr1,160850377,ITLN1,ITLN1,4583,,0.11,1.10E-07,0.10,1.43E-03
cg07179075,chr1,97706031,DPYD,PTBLP,426808,,0.10,2.78E-04,0.07,3.21E-01
cg07233933,chr5,173352671,CPEB4,CPEB4,-19269,Enhancer,0.10,4.86E-08,0.06,8.04E-04
cg07284261,chr5,149493034,CSF1R,CSF1R,-99,Enhancer,0.13,1.64E-06,0.04,8.86E-03
cg07344172,chr1,200980488,KIF21B,KIF21B,-5666,Promoter,0.11,1.10E-05,0.04,3.62E-02
cg07381806,chr19,2094327,MOBKL2A,MOB3A,1942,N_Shore; Promoter,0.13,1.45E-06,0.06,7.74E-03
cg07437737,chr10,29878823,SVIL,MIR938,12452,Enhancer,0.11,2.52E-06,0.10,1.16E-02
cg07443080,chr16,85305891,,LINC00311,-10672,Island,0.11,3.04E-03,0.01,7.95E-01
cg07527324,chr14,91591619,C14orf159;SNORA11B,SNORA11B,-1150,,0.11,1.09E-10,0.05,1.82E-05
cg07530172,chr11,95431373,,FAM76B,91581,Enhancer,0.10,2.09E-06,0.11,1.05E-02
cg07564598,chr17,25619946,WSB1,MIR4522,1076,N_Shore,0.12,9.95E-07,0.07,6.08E-03
cg07579831,chr11,70395380,SHANK2,SHANK2,-48682,,0.11,1.26E-05,0.04,4.11E-02
cg07591442,chr2,69615105,GFPT1,GFPT1,-719,S_Shore,0.10,1.37E-04,0.03,2.28E-01
cg07762788,chr16,68833306,CDH1,TMCO7,-44202,Enhancer,0.12,3.68E-07,0.08,3.05E-03
cg07776698,chr7,120903952,C7orf58,WNT16,-61468,Enhancer,0.14,4.86E-07,0.05,3.66E-03
cg07817055,chr1,232832863,,KIAA1383,-107774,Enhancer,0.10,2.14E-03,0.06,7.08E-01
cg07819010,chr11,46619375,,AMBRA1,-3804,S_Shelf,0.13,1.42E-09,0.01,8.79E-05
cg07834314,chr7,2771155,GNA12,AMZ1,29046,N_Shelf,0.12,1.63E-08,0.03,3.67E-04
cg07860918,chr16,90092755,GAS8,C16orf3,3554,S_Shelf,0.12,1.89E-06,0.04,9.17E-03
cg07903472,chr2,168846657,STK39,B3GALT1,121108,Enhancer,0.11,6.50E-05,0.06,1.52E-01
cg07913153,chr1,236680761,LGALS8,LGALS8,-752,,0.10,3.34E-09,0.15,1.46E-04
cg07915117,chr1,32421131,,PTP4A2,-17143,Enhancer,0.11,9.46E-09,0.09,2.61E-04
cg07950244,chr1,201448731,,PHLDA3,-10432,N_Shelf,0.19,1.39E-12,0.04,2.58E-06
cg07981495,chr6,87804765,CGA,CGA,100,,0.15,1.52E-07,0.08,1.78E-03
cg07989490,chr10,8117026,GATA3,GATA3,20360,Enhancer,0.10,2.43E-09,0.05,1.13E-04
cg08018143,chr4,162110754,,BC033991,-833130,Enhancer,0.11,6.71E-04,0.04,4.77E-01
cg08106205,chr1,2062664,PRKCZ,PRKCZ,-14131,N_Shore,0.12,7.38E-09,0.07,2.34E-04
cg08112737,chr4,57178051,KIAA1211,KIAA1211,2924,N_Shelf,0.12,2.26E-11,0.10,9.51E-06
cg08116915,chr4,8597048,CPZ,CPZ,2662,S_Shelf,0.11,1.51E-08,0.05,3.47E-04
cg08146841,chr6,124603667,NKAIN2,NKAIN2,-483,,0.13,3.99E-07,0.12,3.30E-03
cg08198187,chr12,31882596,AMN1,AMN1,-488,S_Shore,0.12,1.43E-10,0.14,1.88E-05
cg08250187,chr2,17482455,,7SK,-178048,Enhancer,0.12,8.67E-07,0.08,5.67E-03
cg08278435,chr6,25924317,SLC17A2,SLC17A2,1790,,0.11,5.66E-06,0.11,2.28E-02
cg08298351,chr6,100916916,,SIM1,-4111,N_Shore,-0.11,2.95E-04,-0.02,3.36E-01
cg08338281,chr12,56322667,WIBG,WIBG,-970,S_Shore,0.12,1.81E-04,0.07,2.57E-01
cg08468741,chr6,32917421,HLA-DMA,HLA-DMA,3478,,0.10,3.40E-06,0.04,1.49E-02
cg08538034,chr1,14928945,KIAA1026,KAZN,3733,S_Shelf,0.12,8.09E-09,0.08,2.42E-04
cg08612539,chr22,37257124,NCF4,NCF4,95,Promoter,0.14,3.72E-12,0.07,3.80E-06
cg08678314,chr3,153679297,,ARHGEF26,-159494,Enhancer,0.11,1.36E-05,0.09,4.51E-02
cg08716255,chr11,95433344,,FAM76B,89610,Enhancer,0.10,9.50E-05,0.02,1.95E-01
cg08723913,chr3,114035950,MIR568,MIR568,-534,,0.11,5.58E-04,0.00,4.53E-01
cg08799766,chr7,2801832,GNA12,GNA12,53061,N_Shore,0.15,7.17E-08,0.07,1.14E-03
cg08805241,chr17,55110904,,RNF126P1,-11934,Enhancer,0.10,3.75E-06,0.07,1.55E-02
cg08872493,chr1,23521417,HTR1D,HTR1D,-195,Enhancer,0.12,2.47E-07,0.03,2.30E-03
cg08875503,chr21,18980308,BTG3,BTG3,4960,N_Shelf,0.12,1.14E-07,0.08,1.47E-03
cg08885854,chr1,171909155,DNM3,7SK,-55636,Enhancer,0.12,3.83E-06,0.02,1.61E-02
cg08900316,chr2,46301083,PRKCE,EPAS1,-223457,Enhancer,0.14,1.16E-10,0.20,1.86E-05
cg08991927,chr5,146436805,PPP2R2B,PPP2R2B,-1105,,0.10,5.13E-05,0.09,1.25E-01
cg09038266,chr16,79155958,WWOX,MAF,478664,,0.12,8.38E-06,0.08,2.97E-02
cg09261794,chr6,33147897,COL11A2,COL11A2,-2227,,0.12,8.38E-07,0.03,5.21E-03
cg09332996,chr1,14921849,,KAZN,-3363,N_Shelf,0.13,1.41E-11,0.01,7.64E-06
cg09367174,chr2,152440445,NEB,NEB,-165,,0.12,2.38E-07,0.08,2.26E-03
cg09412728,chr19,40897467,HIPK4,HIPK4,-1373,S_Shore,0.11,2.61E-06,0.09,1.18E-02
cg09476306,chr22,22086335,YPEL1,YPEL1,3736,N_Shelf,0.10,8.38E-07,0.02,5.21E-03
cg09500437,chr2,109813176,SH3RF3,MIR4265,-55132,Enhancer,0.10,4.20E-08,0.12,7.37E-04
cg09507697,chr7,130037985,TSGA14,CEP41,3002,,0.11,8.87E-08,0.09,1.34E-03
cg09623279,chr10,45395734,,TMEM72,-11029,Enhancer,0.11,3.15E-07,0.11,2.53E-03
cg09624551,chr3,72128386,,AK097190,21192,Enhancer,0.11,1.71E-07,0.03,1.91E-03
cg09638264,chr2,228735722,WDR69,WDR69,-604,N_Shore; Enhancer,0.12,4.28E-07,0.02,3.51E-03
cg09648454,chr16,48157560,ABCC12,ABCC12,22825,Enhancer,0.10,2.81E-06,0.08,1.31E-02
cg09664054,chr1,42179097,HIVEP3,HIVEP3,-128108,Enhancer,0.14,1.62E-08,0.01,3.53E-04
cg09676376,chr12,54779077,ZNF385A,ZNF385A,475,Enhancer,0.13,5.66E-11,0.03,1.40E-05
cg09676622,chr12,124870394,NCOR2,NCOR2,-45644,N_Shore; Enhancer,0.10,1.51E-10,0.02,1.90E-05
cg09781307,chr11,27648324,BDNFOS,EF565102,7804,Enhancer,0.10,6.87E-06,0.08,2.54E-02
cg09822726,chr17,61443331,TANC2,TANC2,11188,Enhancer,0.11,1.43E-04,0.04,2.36E-01
cg09976845,chr17,60212030,,MED13,-69387,N_Shelf,0.12,2.04E-09,0.07,1.09E-04
cg10092779,chr1,57294085,,BC048114,-1492,,0.12,1.77E-08,0.06,3.99E-04
cg10144104,chr3,50518896,CACNA2D2,CACNA2D2,21996,Enhancer,0.11,5.31E-06,0.07,2.14E-02
cg10187713,chr20,49345687,,PARD6B,-2393,N_Shore,0.19,1.41E-11,0.05,7.58E-06
cg10189029,chr5,55831214,,U6atac,-237698,Enhancer,0.13,5.20E-11,0.06,1.28E-05
cg10246581,chr16,81536171,CMIP,CMIP,7218,,0.18,1.75E-13,0.17,6.39E-07
cg10322735,chr4,182080651,,LINC00290,-349,,0.10,2.11E-03,0.07,7.07E-01
cg10336671,chr7,31008806,GHRHR,GHRHR,-341,,0.12,1.70E-06,0.07,9.08E-03
cg10440877,chr2,208378475,,CREB1,-16140,Enhancer,0.10,3.46E-09,0.02,1.51E-04
cg10455413,chr2,236452604,AGAP1,AGAP1,49872,Enhancer,0.10,1.16E-09,0.04,7.45E-05
cg10472840,chr5,54206061,,ESM1,75353,Enhancer,0.10,8.70E-05,0.09,1.87E-01
cg10548163,chr15,101228329,,Y_RNA,49762,Enhancer,0.13,3.61E-07,0.14,3.03E-03
cg10593922,chr10,30711382,,MAP3K8,-11567,Enhancer,0.13,2.85E-08,0.08,5.91E-04
cg10620457,chr1,57432110,C8B,C8B,-422,,0.10,4.79E-06,0.05,1.84E-02
cg10638793,chr3,169027604,MECOM,MECOM,71708,Enhancer,0.10,5.24E-07,0.04,3.83E-03
cg10668363,chr19,52076691,ZNF175,ZNF175,2161,S_Shelf,0.17,8.79E-09,0.03,2.60E-04
cg10752604,chr11,115524421,,LOC283143,106494,Enhancer,0.11,8.99E-05,0.02,1.89E-01
cg10791580,chr6,131147870,LOC285733,LOC100507203,-674,,0.11,3.33E-05,0.07,8.60E-02
cg10893014,chr6,35461236,TEAD3,TEAD3,3625,N_Shelf,0.24,3.02E-08,0.05,6.06E-04
cg10994126,chr1,176432498,PAPPA2,PAPPA2,192,,0.16,1.97E-12,0.06,3.34E-06
cg11049439,chr6,31868724,ZBTB12,C2,-51,N_Shore,0.10,9.33E-10,0.04,6.36E-05
cg11079619,chr7,41742630,INHBA;LOC285954,INHBA,76,N_Shelf,0.21,1.22E-14,0.05,2.96E-07
cg11206634,chr2,128458399,SFT2D3,SFT2D3,-197,N_Shore;Promoter,0.10,5.45E-08,0.01,8.76E-04
cg11283860,chr1,8273352,,SLC45A1,-111037,S_Shore,0.15,1.05E-10,0.15,1.74E-05
cg11348701,chr2,171704223,GAD1,GAD1,-1353,,0.10,5.27E-06,0.01,2.10E-02
cg11355603,chr7,139256247,HIPK2,CLEC2L,47574,,0.14,3.17E-05,0.02,8.41E-02
cg11370011,chr7,130561511,MIR29A,MIR29A,58,,0.10,1.03E-09,0.04,7.04E-05
cg11377875,chr6,55441704,HMGCLL1,HMGCLL1,2308,N_Shelf,0.12,2.00E-08,0.05,4.33E-04
cg11387248,chr19,43269877,PSG8,PSG8,-46,,0.12,1.45E-09,0.09,9.02E-05
cg11451315,chr10,36978053,,ANKRD30A,-436731,Enhancer,0.10,2.15E-06,0.10,1.07E-02
cg11474135,chr4,113933301,ANK2,ANK2,-37483,Enhancer,0.10,3.45E-05,0.06,8.76E-02
cg11624780,chr3,14242791,,AX747368,2732,Enhancer,0.11,1.41E-07,0.00,1.65E-03
cg11637968,chr4,159732036,FNIP2,FNIP2,41855,Enhancer,0.15,2.54E-09,0.15,1.19E-04
cg11644973,chr7,157085979,,DNAJB6,-43730,,0.11,7.35E-06,0.02,2.65E-02
cg11693581,chr10,118765597,KIAA1598,KIAA1598,-509,S_Shore,0.11,5.41E-06,0.07,2.21E-02
cg11811391,chr1,23520083,HTR1D,HTR1D,1139,,0.16,2.27E-08,0.11,4.74E-04
cg11945095,chr2,10086923,,GRHL1,-4868,N_Shelf; Enhancer,0.12,1.59E-10,0.03,2.00E-05
cg11996860,chr8,102091815,,FLJ42969,27534,N_Shore,0.10,1.94E-08,0.04,4.24E-04
cg12140749,chr14,69264039,C14orf181,C14orf181,-1028,S_Shore,0.11,1.18E-09,0.04,7.67E-05
cg12150931,chr12,54782782,ZNF385A,ZNF385A,2301,N_Shelf,0.11,3.06E-10,0.03,2.84E-05
cg12156272,chr14,92041829,C14orf184,C14orf184,-873,S_Shore,0.11,2.59E-05,0.07,7.02E-02
cg12157646,chr2,133189699,GPR39,GPR39,15553,,0.11,2.16E-05,0.07,6.43E-02
cg12290217,chr15,99563030,,AL109706,-8742,S_Shelf,0.12,2.04E-10,0.14,2.21E-05
cg12387464,chr11,123775935,OR8D4,OR8D4,-1203,,0.10,5.53E-05,0.01,1.39E-01
cg12436772,chr2,216402384,,FN1,-101593,Enhancer,0.27,2.00E-12,0.15,3.38E-06
cg12493761,chr12,43253257,,PRICKLE1,-269685,Enhancer,0.11,2.66E-09,0.11,1.25E-04
cg12508655,chr5,71800767,ZNF366,ZNF366,2482,Enhancer,0.12,2.25E-07,0.04,2.20E-03
cg12612406,chr6,30103459,TRIM40,TRIM40,-425,,0.12,4.02E-05,0.06,1.04E-01
cg12632411,chr20,17595355,RRBP1,RRBP1,5107,Island,0.17,5.68E-13,0.03,1.47E-06
cg12647920,chr12,109144744,,CORO1C,-19449,Enhancer,0.16,2.08E-08,0.13,4.51E-04
cg12686754,chr2,56216583,MIR216A,MIR216A,-389,,0.11,3.65E-08,0.04,6.51E-04
cg12701302,chr1,25967668,MAN1C1,MAN1C1,23710,Enhancer,0.14,4.88E-06,0.04,1.90E-02
cg12732548,chr15,40631573,C15orf52,C15orf52,-1239,Enhancer,0.11,3.08E-08,0.04,6.21E-04
cg12750431,chr10,44873037,CXCL12,DKFZp547J0510,-2817,,0.11,2.36E-06,0.08,1.10E-02
cg12779575,chr17,62208434,ERN1,ERN1,-932,S_Shore;Promoter,0.18,1.58E-12,0.27,2.92E-06
cg12792952,chr1,64857387,,CACHD1,-79088,Enhancer,0.14,7.78E-08,0.08,1.19E-03
cg12825070,chr5,148033708,HTR4,HTR4,31,Island,-0.11,8.18E-05,-0.03,1.77E-01
cg12833765,chr2,69470878,ANTXR1,MIR3126,140065,Enhancer,0.13,8.08E-08,0.11,1.20E-03
cg12845923,chr4,55139873,PDGFRA,PDGFRA,-3469,Enhancer,0.11,6.82E-07,0.09,4.48E-03
cg12892243,chr11,108071165,NPAT,NPAT,-11101,Enhancer,0.12,7.38E-12,0.18,5.08E-06
cg12961926,chr17,80839300,TBCD,TBCD,-14400,,0.13,1.98E-08,0.01,4.26E-04
cg12979789,chr3,68047840,,FAM19A1,-5518,Enhancer,0.10,1.08E-04,0.03,2.10E-01
cg12979992,chr7,155100559,INSIG1,INSIG1,11074,,0.16,1.39E-08,0.08,3.46E-04
cg12982893,chr4,144272716,GAB1,GAB1,14734,Enhancer,0.10,1.55E-05,0.05,5.20E-02
cg12996622,chr7,38370988,,X06774,-430,,0.11,1.22E-08,0.11,2.97E-04
cg13056990,chr1,4736099,AJAP1,AJAP1,20995,,0.10,3.95E-04,0.06,3.81E-01
cg13062627,chr3,39208314,,CSRNP1,-12261,Enhancer,0.15,4.21E-08,0.07,7.42E-04
cg13107839,chr1,14847711,,KAZN,-77501,,0.11,1.18E-06,0.03,6.23E-03
cg13173305,chr1,19322300,,IFFO2,-39474,,0.11,1.51E-09,0.03,9.22E-05
cg13175060,chr8,668707,ERICH1,ERICH1,12519,S_Shelf,0.15,4.81E-09,0.00,1.87E-04
cg13196578,chr1,16008167,,PLEKHM2,-2659,N_Shelf,0.10,8.83E-07,0.22,5.83E-03
cg13301676,chr5,112506160,MCC,MCC,124452,Enhancer,0.11,6.03E-05,0.00,1.47E-01
cg13345122,chr2,168912885,STK39,B3GALT1,187336,Enhancer,0.11,4.22E-05,0.06,1.08E-01
cg13401235,chr6,13175441,PHACTR1,LOC100130357,120377,Enhancer,0.11,5.89E-06,0.08,2.35E-02
cg13546308,chr3,153366155,,C3orf79,163872,Enhancer,0.14,9.78E-08,0.05,1.37E-03
cg13553455,chr10,105846002,COL17A1,COL17A1,-364,,0.14,4.05E-07,0.10,3.32E-03
cg13562353,chr9,34662773,CCL27,CCL27,-84,N_Shelf,0.12,4.60E-09,0.01,1.81E-04
cg13672136,chr3,46477681,LTF,LTF,27480,,0.13,2.58E-09,0.12,1.24E-04
cg13715502,chr9,112211847,PTPN3,PTPN3,1817,,0.10,1.25E-08,0.13,3.17E-04
cg13724311,chr17,7163599,CLDN7,CLDN7,2665,N_Shore,0.11,7.91E-12,0.19,5.38E-06
cg13735018,chr6,158404121,SYNJ2,SYNJ2,1234,S_Shore;Promoter,0.12,4.85E-07,0.10,3.65E-03
cg13754437,chr2,106016110,FHL2,FHL2,14,S_Shore,0.21,1.11E-12,0.09,2.40E-06
cg13785473,chr4,2930203,ADD1,MFSD10,5187,S_Shore,0.11,1.40E-06,0.07,6.92E-03
cg13844463,chr11,35436672,SLC1A2,SLC1A2,4433,N_Shelf,0.10,3.81E-07,0.05,3.08E-03
cg13897222,chr1,221449786,,C1orf140,59852,Enhancer,0.14,1.23E-05,0.18,4.06E-02
cg13931873,chr5,74910129,,AK307154,2829,S_Shelf,0.10,3.41E-06,0.08,1.51E-02
cg14072140,chr1,98031839,DPYD,DPYD,354776,Enhancer,0.12,5.06E-04,0.00,4.28E-01
cg14178899,chr1,8076599,ERRFI1,ERRFI1,-847,Enhancer,0.13,2.85E-08,0.04,5.89E-04
cg14224444,chr6,118587190,SLC35F1,BRD7P3,-235345,,0.12,2.72E-09,0.08,1.29E-04
cg14334810,chr9,19126294,PLIN2,PLIN2,1310,N_Shore;Promoter,0.13,3.31E-11,0.12,1.09E-05
cg14350701,chr9,138969712,NACC2,NACC2,17419,S_Shelf,0.13,1.16E-06,0.06,6.20E-03
cg14377923,chr14,105923665,MTA1,MTA1,-941,,0.10,1.19E-07,0.12,1.48E-03
cg14384014,chr6,19670306,,U6,-27546,Enhancer,0.13,3.63E-06,0.13,1.55E-02
cg14454680,chr3,99794010,C3orf26;FILIP1L,FILIP1L,39339,Enhancer,-0.10,3.14E-04,-0.04,3.48E-01
cg14500854,chr10,53754288,PRKG1,PRKG1,-52335,Enhancer,0.11,3.79E-05,0.02,9.23E-02
cg14556425,chr8,79721111,,IL7,-3353,S_Shelf,0.16,2.55E-05,0.06,6.85E-02
cg14578311,chr10,1019787,,GTPBP4,-14561,N_Shore; Enhancer,0.14,7.64E-10,0.00,5.59E-05
cg14584702,chr19,17376472,USHBP1,USHBP1,-928,,0.10,2.91E-06,0.06,1.33E-02
cg14605117,chr7,2766214,,AMZ1,24105,,0.18,2.87E-12,0.12,3.54E-06
cg14605961,chr17,80841593,TBCD,TBCD,-12107,Promoter,0.12,1.56E-06,0.00,8.24E-03
cg14692709,chr6,33137258,COL11A2,COL11A2,8412,,0.11,2.42E-04,0.02,2.99E-01
cg14746283,chr21,42830679,MX1,pp9284,8336,,0.12,2.32E-05,0.07,6.58E-02
cg14851263,chr15,52822582,MYO5A,MYO5A,-1335,S_Shore,0.10,2.71E-04,0.02,3.13E-01
cg14854503,chr8,19540272,CSGALNACT1,CSGALNACT1,-11,,0.19,1.45E-09,0.06,9.01E-05
cg14867395,chr21,42558655,BACE2,PLAC4,-1489,,0.12,1.61E-06,0.09,8.50E-03
cg14920044,chr10,91296311,SLC16A12,SLC16A12,-998,S_Shore,0.10,4.12E-04,0.11,3.89E-01
cg14920808,chr13,25690829,,PABPC3,20554,,0.13,2.33E-07,0.08,2.24E-03
cg14938029,chr20,23421747,CSTL1,CSTL1,967,,0.11,2.07E-05,0.08,6.34E-02
cg14993900,chr6,10421069,TFAP2A,TFAP2A,-1272,N_Shore,0.11,4.59E-09,0.06,1.81E-04
cg15003812,chr5,34899275,TTC23L,RAD1,16456,Enhancer,0.11,1.49E-07,0.14,1.76E-03
cg15005526,chr2,73438142,NOTO,SMYD5,-3223,N_Shelf,0.11,1.63E-07,0.02,1.83E-03
cg15059474,chr7,97990184,BAIAP2L1,BAIAP2L1,40243,Enhancer,0.11,1.84E-07,0.03,2.03E-03
cg15082983,chr17,39894780,,HAP1,-3882,S_Shelf; Enhancer,0.11,2.01E-05,0.08,6.26E-02
cg15109744,chr1,180917873,,KIAA1614,20308,Enhancer,0.14,8.51E-11,0.04,1.67E-05
cg15129144,chr2,46527958,EPAS1,EPAS1,3418,S_Shore,0.13,5.70E-10,0.01,4.19E-05
cg15172785,chr11,103105918,DYNC2H1,DYNC2H1,125759,Enhancer,0.11,1.36E-06,0.06,6.63E-03
cg15258080,chr10,71091204,HK1,HK1,12602,Enhancer,0.15,1.66E-10,0.10,2.06E-05
cg15282973,chr12,125346253,SCARB1,SCARB1,2266,N_Shore,0.16,1.37E-11,0.12,7.53E-06
cg15318697,chr3,32187901,GPD1L,GPD1L,39899,Enhancer,0.11,1.70E-05,0.06,5.41E-02
cg15410418,chr5,59559180,PDE4D,PDE4D,-794,,0.11,1.02E-08,0.09,2.68E-04
cg15432510,chr17,78939670,RPTOR,AK127919,5343,N_Shore,0.12,7.96E-07,0.06,4.78E-03
cg15433043,chr11,76884243,MYO7A,MYO7A,-1400,Enhancer,0.12,7.02E-10,0.17,4.98E-05
cg15492834,chr1,162351057,C1orf226,C1orf226,-462,,0.10,3.10E-07,0.11,2.51E-03
cg15534461,chr12,118575033,PEBP1,PEBP1,1164,S_Shore;Promoter,0.11,2.83E-08,0.07,5.52E-04
cg15582126,chr20,11867507,,BTBD3,-3969,N_Shelf,0.11,5.93E-05,0.03,1.45E-01
cg15765546,chr3,133776357,,SLCO2A1,-27437,Enhancer,0.14,5.72E-12,0.11,4.47E-06
cg15799353,chr20,363112,TRIB3,TRIB3,1172,S_Shore;Promoter,0.13,3.62E-13,0.08,1.31E-06
cg15824435,chr11,18617206,,LOC100506540,-4144,Enhancer,0.10,6.86E-03,0.01,9.42E-01
cg15887927,chr13,29148952,,DD413682,-25138,,0.15,7.31E-12,0.04,4.89E-06
cg16056164,chr1,233211572,PCNXL2,PCNXL2,-17308,Enhancer,0.11,1.33E-05,0.11,4.32E-02
cg16090790,chr6,113674867,,MARCKS,-503659,Enhancer,0.15,1.22E-09,0.11,7.87E-05
cg16168509,chr5,95666291,,PCSK1,82398,Enhancer,0.12,2.49E-09,0.13,1.17E-04
cg16175792,chr1,120050104,HSD3B1,HSD3B1,279,,0.15,7.88E-11,0.05,1.61E-05
cg16177314,chr4,144941609,GYPB,GYPB,-1113,,0.11,3.23E-07,0.08,2.70E-03
cg16178353,chr5,81630266,,ATP6AP1L,29514,Enhancer,0.10,3.12E-05,0.03,8.35E-02
cg16182691,chr7,79762956,GNAI1,GNAI1,-1183,N_Shore,0.11,6.74E-08,0.12,1.07E-03
cg16243351,chr11,35453590,PAMR1,SLC1A2,-11980,,0.13,1.93E-09,0.11,1.07E-04
cg16253629,chr4,113776216,ANK2,ANK2,36978,Enhancer,0.11,9.91E-05,0.01,2.00E-01
cg16275903,chr3,133524006,SRPRB,SRPRB,21130,N_Shore;Promoter,0.10,5.90E-10,0.03,4.21E-05
cg16291750,chr3,18003561,,BC035826,-502,,0.11,4.47E-04,0.04,4.07E-01
cg16326590,chr2,98704858,VWA3B,VWA3B,1264,S_Shore,0.12,2.44E-10,0.05,2.56E-05
cg16353318,chr16,81564161,CMIP,CMIP,35208,,0.13,6.95E-16,0.09,1.96E-07
cg16423738,chr6,77394161,,IMPG1,-611826,Enhancer,0.11,3.00E-08,0.13,6.02E-04
cg16468174,chr16,3177234,,BC013599,4809,S_Shelf,0.10,6.17E-09,0.03,2.15E-04
cg16518729,chr17,80845575,TBCD,TBCD,-8125,,0.15,5.47E-06,0.11,2.24E-02
cg16565154,chr1,151129062,TNFAIP8L2,TNFAIP8L2-SCNM1,-42,Promoter,0.11,1.63E-06,0.07,8.64E-03
cg16568084,chr7,93811563,,BET1,-177873,Enhancer,0.15,1.55E-10,0.08,1.92E-05
cg16582517,chr3,5025885,BHLHE40,LOC100507582,-4239,S_Shore,0.13,1.59E-06,0.09,8.47E-03
cg16606561,chr20,824641,FAM110A,FAM110A,-643,N_Shore; Enhancer,0.17,2.65E-13,0.01,9.85E-07
cg16734734,chr6,105624309,POPDC3,POPDC3,-179,N_Shelf,0.11,2.83E-04,0.04,3.23E-01
cg16804825,chr16,85594598,,KIAA0182,-50430,S_Shelf,0.12,1.20E-12,0.01,2.48E-06
cg16903016,chr1,55775652,,7SK,66873,Enhancer,0.13,2.28E-07,0.08,2.20E-03
cg16926302,chr1,77411902,ST6GALNAC5,ST6GALNAC5,77721,Enhancer,0.10,2.24E-03,0.01,7.16E-01
cg16964478,chr12,103940343,,BC041342,-1228,,0.12,2.92E-05,0.12,7.45E-02
cg16980530,chr2,69099584,BMP10,BMP10,-935,,0.13,7.32E-05,0.06,1.64E-01
cg17010118,chr2,219255879,SLC11A1,SLC11A1,4522,N_Shore,0.14,1.73E-09,0.02,9.76E-05
cg17066452,chr6,33173501,HSD17B8,HSD17B8,1083,S_Shore;Promoter,0.12,8.06E-13,0.21,1.87E-06
cg17108958,chr1,221129545,,HLX,76803,Enhancer,0.11,7.05E-06,0.13,2.61E-02
cg17284609,chr11,16424673,SOX6,SOX6,-260,Enhancer,0.11,1.25E-05,0.03,4.08E-02
cg17295389,chr6,110717270,DDO,C6orf186,14669,N_Shelf,0.11,1.37E-06,0.10,6.81E-03
cg17357548,chr15,50429829,,ATP8B4,-18410,Enhancer,0.10,2.18E-07,0.04,2.15E-03
cg17383853,chr15,63166381,,AK125516,-38785,Enhancer,0.12,3.47E-07,0.10,2.85E-03
cg17394304,chr3,187453973,BCL6,BCL6,312,N_Shore,0.14,7.27E-14,0.05,6.32E-07
cg17425351,chr11,110843045,,5S_rRNA,67887,Enhancer,0.10,3.67E-06,0.09,1.55E-02
cg17464043,chr17,39115451,KRT39,KRT39,7693,Enhancer,0.15,1.63E-10,0.04,2.01E-05
cg17661601,chr8,11656692,,FDFT1,-3497,N_Shelf,0.10,1.58E-06,0.09,8.29E-03
cg17850498,chr1,21565755,ECE1,AX747766,39113,Enhancer,0.19,1.91E-15,0.02,2.30E-07
cg17933206,chr2,235377687,,AX748264,-14334,Enhancer,0.11,2.61E-08,0.03,5.47E-04
cg17966362,chr1,76261799,MSH4,MSH4,-756,N_Shore,0.14,7.78E-11,0.02,1.56E-05
cg18018990,chr7,34335534,,U6,1676,Enhancer,0.10,1.14E-05,0.11,3.68E-02
cg18114811,chr14,96116699,TCL6,TCL6,-135,,0.11,1.76E-07,0.13,1.92E-03
cg18120790,chr15,31295058,TRPM1,MTMR10,-11251,,0.10,2.81E-05,0.06,7.41E-02
cg18190824,chr5,14721026,ANKH,FAM105B,56244,Enhancer,0.16,1.01E-11,0.03,5.47E-06
cg18199208,chr2,220489286,,SLC4A3,-3005,N_Shelf,0.11,6.84E-13,0.10,1.57E-06
cg18236464,chr1,176528783,PAPPA2,PAPPA2,96477,,0.20,4.99E-10,0.03,4.11E-05
cg18247223,chr11,44908673,TSPAN18,TSPAN18,-19284,Enhancer,0.10,1.52E-06,0.07,7.97E-03
cg18259253,chr5,60745986,ZSWIM6,ZSWIM6,117887,Enhancer,0.10,3.21E-04,0.00,3.54E-01
cg18285819,chr7,30736630,,INMT,-970,,0.11,5.04E-07,0.09,3.72E-03
cg18413237,chr7,41742795,LOC285954;INHBA,INHBA,-89,N_Shelf,0.12,4.92E-08,0.09,8.05E-04
cg18444702,chr3,15366862,SH3BP5,SH3BP5,7242,Enhancer,0.12,2.73E-05,0.05,7.25E-02
cg18474072,chr10,664762,DIP2C,DL489896,22980,,0.15,7.36E-08,0.04,1.16E-03
cg18512205,chr15,40183559,GPR176,GPR176,29534,Enhancer,0.12,5.35E-10,0.08,4.18E-05
cg18514949,chr5,133563216,PPP2CA,PPP2CA,-1266,S_Shore,0.11,1.07E-06,0.04,6.09E-03
cg18564881,chr11,70091067,,PPFIA1,-25738,Enhancer,0.13,1.47E-09,0.04,9.20E-05
cg18579761,chr4,83323585,,HNRPDL,27793,,0.12,3.01E-07,0.10,2.44E-03
cg18584265,chr19,15219983,SYDE1,SYDE1,340,S_Shore,0.15,2.80E-13,0.14,1.29E-06
cg18689240,chr12,52624739,,KRT7,-2214,N_Shelf; Enhancer,0.11,1.79E-04,0.02,2.55E-01
cg18743287,chr19,55575837,RDH13,AK122764,-636,S_Shore,0.15,4.60E-08,0.05,7.54E-04
cg18751231,chr3,159505040,SCHIP1,U2,21319,Enhancer,0.13,5.53E-06,0.05,2.27E-02
cg18783886,chr7,148964538,ZNF783,ZNF783,5277,,0.11,2.22E-08,0.01,4.64E-04
cg18813778,chr3,19116330,,KCNH8,-73686,Enhancer,0.11,1.09E-05,0.07,3.60E-02
cg18863595,chr3,6902845,GRM7,GRM7,44,Island,-0.11,3.74E-04,-0.04,3.78E-01
cg18918418,chr2,216745386,,Mir_548,1828,Enhancer,0.14,1.95E-06,0.08,9.61E-03
cg18947276,chr2,48795067,STON1-GTF2A1L,STON1-GTF2A1L,-1091,Enhancer,0.11,3.71E-10,0.15,3.32E-05
cg19024161,chr10,70045061,PBLD,PBLD,11830,Enhancer,0.11,6.92E-08,0.11,1.10E-03
cg19118951,chr21,35575070,,LINC00310,22093,S_Shore,0.12,1.75E-08,0.13,3.92E-04
cg19140548,chr10,105552406,SH3PXD2A,LOC100505839,45870,Enhancer,0.19,2.84E-11,0.03,1.02E-05
cg19143211,chr6,123839720,TRDN,AL832096,78972,Enhancer,0.13,8.53E-05,0.06,1.84E-01
cg19183252,chr4,120665941,,BC038750,59729,Enhancer,0.11,3.17E-06,0.01,1.40E-02
cg19192065,chr10,93335091,LOC100188947,LOC100188947,36126,,0.10,3.83E-07,0.10,3.10E-03
cg19234171,chr3,128226071,LOC90246,LOC90246,-606,,0.12,2.15E-08,0.08,4.56E-04
cg19291696,chr13,27769437,,USP12,-23404,Enhancer,0.10,4.47E-06,0.10,1.82E-02
cg19323059,chr7,41749344,LOC285954,INHBA,-6638,S_Shelf,0.11,3.40E-07,0.03,2.80E-03
cg19366147,chr8,1717660,CLN8,CLN8,5791,Enhancer,0.10,2.45E-08,0.07,5.36E-04
cg19578175,chr11,15964499,,SOX6,459914,S_Shore,0.13,4.13E-08,0.05,7.22E-04
cg19674091,chr15,90643766,IDH2,IDH2,161,N_Shore; Enhancer,0.15,9.73E-07,0.02,5.93E-03
cg19683073,chr5,79553267,SERINC5,SERINC5,-1369,S_Shore,0.10,6.89E-05,0.07,1.60E-01
cg19722391,chr6,26109250,HIST1H1T,HIST1H1T,-886,,0.14,8.00E-07,0.08,5.08E-03
cg19749538,chr4,78114867,,CCNG2,35418,Enhancer; Promoter,0.13,1.91E-04,0.10,2.62E-01
cg19760250,chr17,36997627,C17orf98,C17orf98,15,Island,0.11,4.03E-06,0.05,1.65E-02
cg19786983,chr15,88336651,,AK094929,68936,Enhancer,0.12,3.02E-08,0.18,6.15E-04
cg19883388,chr8,103909930,,AZIN1,-33533,Enhancer,0.17,1.14E-08,0.03,2.89E-04
cg19937056,chr3,178275698,KCNMB2,KCNMB2,-919,,0.11,2.91E-04,0.02,3.34E-01
cg20012247,chr22,20064541,,DGCR8,-3213,N_Shelf,0.14,4.19E-07,0.05,3.48E-03
cg20054786,chr4,38799406,TLR1,TLR1,1046,,0.10,1.06E-07,0.02,1.42E-03
cg20080983,chr22,29430271,ZNRF3,C22orf31,27636,S_Shelf,0.12,1.10E-09,0.10,7.33E-05
cg20090782,chr18,42323716,SETBP1,SETBP1,62854,N_Shore; Enhancer,0.12,9.05E-11,0.18,1.69E-05
cg20092728,chr11,26744467,SLC5A12,SLC5A12,507,,0.12,2.75E-04,0.07,3.19E-01
cg20315739,chr15,42303032,PLA2G4E,PLA2G4E,-13312,,0.11,1.31E-05,0.02,4.24E-02
cg20330630,chr15,74660375,CYP11A1,CYP11A1,-294,S_Shore,0.12,3.26E-08,0.06,6.29E-04
cg20389635,chr12,28120054,PTHLH,PTHLH,2840,N_Shelf,0.11,4.74E-06,0.03,1.84E-02
cg20395789,chr11,107570881,,SLN,7775,Enhancer,0.11,1.58E-09,0.04,9.37E-05
cg20422212,chr6,133576214,EYA4,EYA4,13578,Enhancer,0.10,1.52E-05,0.07,4.99E-02
cg20438445,chr17,40309357,KCNH4,RAB5C,-2295,S_Shelf,0.11,6.33E-09,0.07,2.20E-04
cg20478080,chr22,45133246,PRR5,PRR5,6483,Island; Enhancer,0.11,6.83E-10,0.02,4.89E-05
cg20497304,chr2,176095317,,ATP5G3,-48827,Enhancer,0.12,2.01E-06,0.08,9.97E-03
cg20570458,chr3,124069933,KALRN,KALRN,-33738,Enhancer,0.11,6.48E-07,0.03,4.42E-03
cg20600404,chr2,9960583,,TAF1B,-22987,,0.11,1.86E-08,0.02,4.22E-04
cg20621765,chr10,95198374,MYOF,MYOF,43700,Enhancer,0.11,1.52E-06,0.10,7.92E-03
cg20733250,chr11,120377082,,GRIK4,-5385,,0.11,1.91E-06,0.04,9.22E-03
cg20782816,chr3,9808060,OGG1;CAMK1,CAMK1,3608,N_Shelf,0.11,1.45E-07,0.03,1.70E-03
cg20803547,chr1,67773440,IL12RB2,IL12RB2,394,Island; Enhancer;Promoter,-0.11,7.40E-03,-0.03,9.64E-01
cg20822693,chr2,230934399,SLC16A14,SLC16A14,-684,S_Shore,0.11,6.23E-08,0.02,9.71E-04
cg20970886,chr3,192568714,C3orf59,MB21D2,67236,Enhancer,0.13,4.55E-10,0.05,4.01E-05
cg20991819,chr1,218617769,TGFB2,U3,97472,,0.11,5.89E-09,0.12,2.14E-04
cg21050001,chr5,36662804,SLC1A3,SLC1A3,54374,,0.12,2.98E-05,0.07,7.94E-02
cg21182526,chr2,179260782,MIR548N;OSBPL6,MIR548N,13978,,0.11,2.63E-07,0.11,2.35E-03
cg21283167,chr1,47986245,,FOXD2,84557,,0.10,3.60E-07,0.01,2.86E-03
cg21545548,chr6,26296575,,TRNA_Arg,-3329,Enhancer,0.14,4.05E-10,0.00,3.76E-05
cg21560697,chr2,10054883,TAF1B,GRHL1,-36908,Enhancer,0.12,1.01E-09,0.07,6.69E-05
cg21582311,chr1,229475308,C1orf96,C1orf96,3380,N_Shelf,0.13,1.80E-07,0.10,1.99E-03
cg21626573,chr12,124870323,NCOR2,NCOR2,-45573,N_Shore; Enhancer,0.14,7.10E-13,0.15,1.78E-06
cg21660452,chr11,64397807,NRXN2,NRXN2,-6339,Island,0.12,1.19E-06,0.06,6.25E-03
cg21733367,chr15,93146704,,DQ575076,-428,,0.11,5.74E-05,0.04,1.42E-01
cg21760128,chr3,45427603,,LARS2,-2471,N_Shelf,0.10,8.63E-08,0.08,1.25E-03
cg21775668,chr6,131147216,LOC285733,LOC100507203,-1328,Enhancer,0.11,2.70E-06,0.15,1.28E-02
cg21823502,chr17,79856430,ANAPC11,NPB,-3641,N_Shelf,0.12,2.09E-10,0.10,2.32E-05
cg21837826,chr1,179716731,FAM163A,FAM163A,4434,S_Shelf,0.11,3.03E-05,0.02,8.20E-02
cg21906866,chr14,91592679,C14orf159;SNORA11B,SNORA11B,-90,,0.12,1.01E-07,0.17,1.40E-03
cg21950107,chr6,37109522,,PIM1,-28399,Enhancer,0.11,1.42E-06,0.06,7.05E-03
cg21961694,chr11,62947565,SLC22A25,AY517500,-12885,Enhancer,0.10,7.80E-05,0.00,1.72E-01
cg21977522,chr3,110250679,,U6atac,20133,Enhancer,0.13,1.21E-04,0.07,2.23E-01
cg22035959,chr19,951681,ARID3A,ARID3A,25645,S_Shore,0.10,1.32E-11,0.13,6.49E-06
cg22061561,chr11,18723988,TMEM86A,TMEM86A,3638,N_Shelf,0.12,4.75E-08,0.09,7.68E-04
cg22204103,chr4,41540115,LIMCH1,LIMCH1,-75,,0.11,2.46E-06,0.03,1.13E-02
cg22234930,chr15,72519739,PKM2,PKM2,1278,N_Shelf;Promoter,0.21,2.65E-12,0.07,3.43E-06
cg22245446,chr2,218316451,DIRC3,DIRC3,149101,Enhancer,0.11,5.77E-06,0.07,2.33E-02
cg22303227,chr17,41018992,LOC90586,AOC4,-169,,0.11,1.39E-08,0.10,3.41E-04
cg22305268,chr3,193857540,,HES1,3610,N_Shore,0.15,5.79E-07,0.10,4.24E-03
cg22328837,chr6,45422120,RUNX2,RUNX2,32207,Enhancer,0.11,2.01E-06,0.06,9.96E-03
cg22330749,chr2,10123764,GRHL1,BC051708,-27706,Enhancer,0.11,4.90E-08,0.11,8.04E-04
cg22344841,chr2,20421656,SDC1,SDC1,1493,N_Shore; Enhancer,0.13,1.66E-11,0.14,8.02E-06
cg22497133,chr7,52129371,,DQ599872,-668995,Enhancer,0.12,2.74E-04,0.05,3.19E-01
cg22507756,chr1,14927851,KIAA1026,KAZN,2639,S_Shore; Enhancer,0.12,2.55E-06,0.07,1.17E-02
cg22520372,chr4,164271492,NPY5R,NPY5R,67,,0.11,1.04E-04,0.07,2.04E-01
cg22526990,chr19,33788511,,CEBPA,4919,N_Shelf,0.13,2.37E-13,0.16,9.46E-07
cg22671342,chr1,207077339,FAIM3;IL24,IL24,6552,,0.10,2.15E-08,0.01,4.58E-04
cg22793871,chr5,79783280,FAM151B,FAM151B,-519,N_Shore,-0.13,5.05E-05,-0.03,1.24E-01
cg22799757,chr7,29997642,SCRN1,SCRN1,-2666,Enhancer,0.11,3.68E-08,0.09,6.63E-04
cg22800400,chr14,51955524,FRMD6,FRMD6,-330,,0.10,3.11E-10,0.02,2.94E-05
cg22827324,chr2,33612876,LTBP1,RASGRP3,-48539,,0.14,2.49E-09,0.04,1.15E-04
cg22828602,chr7,122338579,CADPS2;RNF133,RNF133,629,,0.11,2.44E-06,0.05,1.10E-02
cg22860917,chr2,38919351,GALM,GALM,26300,Enhancer,0.14,1.82E-08,0.14,4.06E-04
cg22981158,chr19,47156401,DACT3,LOC100506068,-7219,S_Shelf,0.12,1.37E-06,0.08,6.87E-03
cg23101885,chr2,17696025,RAD51AP2,RAD51AP2,3681,,0.13,2.53E-08,0.09,5.37E-04
cg23104436,chr11,15838747,,SnoMBII_202,-335308,Enhancer,0.11,6.96E-07,0.11,4.48E-03
cg23128495,chr12,106254483,,NUAK1,279328,Enhancer,0.12,3.75E-06,0.05,1.56E-02
cg23160016,chr4,46391929,GABRA2,GABRA2,127,Island,-0.13,1.38E-05,-0.08,4.65E-02
cg23255934,chr2,151025188,,TRNA_Pseudo,-194088,Enhancer,0.10,9.13E-05,0.08,1.90E-01
cg23309843,chr5,126987825,CTXN3,CTXN3,-881,,0.11,6.80E-06,0.06,2.52E-02
cg23330212,chr11,27672697,BDNFOS,BDNF,8499,Enhancer,0.11,1.47E-07,0.11,1.75E-03
cg23400056,chr5,142956188,,NR3C1,-141111,Enhancer,0.11,2.72E-09,0.07,1.28E-04
cg23400222,chr5,124672706,,ZNF608,-588206,Enhancer,0.15,3.07E-06,0.03,1.39E-02
cg23516370,chr7,52187832,,DQ599872,-727456,Enhancer,0.12,5.82E-05,0.12,1.43E-01
cg23677911,chr1,230256394,GALNT2,GALNT2,53439,Enhancer,0.17,4.58E-12,0.13,4.06E-06
cg23696550,chr14,24732386,TGM1,TGM1,30,,0.14,4.28E-11,0.04,1.19E-05
cg23697796,chr10,93334974,LOC100188947,LOC100188947,36243,,0.13,3.24E-07,0.08,2.73E-03
cg23730027,chr3,57995180,FLNB,FLNB,1054,Island,0.17,8.79E-11,0.05,1.69E-05
cg23831864,chr4,82813463,,U6,-282236,Enhancer,0.13,2.64E-06,0.05,1.25E-02
cg23903035,chr7,134932449,STRA8,STRA8,15719,S_Shore,0.10,7.08E-04,0.03,4.95E-01
cg23931150,chr10,54114224,,DKK1,40184,Enhancer,0.10,8.45E-07,0.08,5.22E-03
cg23963071,chr6,2901712,SERPINB9,SERPINB9,-802,N_Shore,0.12,6.54E-12,0.07,4.57E-06
cg23963517,chr10,60473872,BICC1;LOC728640,LOC728640,-902,,0.14,3.05E-04,0.07,3.46E-01
cg23978358,chr6,55192049,GFRAL,GFRAL,-217,,0.11,6.00E-04,0.04,4.67E-01
cg24023487,chr20,12988727,SPTLC3,SPTLC3,-899,,0.13,2.24E-06,0.12,1.09E-02
cg24024511,chr7,26676346,C7orf71,C7orf71,-1143,,-0.10,1.21E-04,-0.01,2.22E-01
cg24062310,chr19,41289994,RAB4B,RAB4B,5043,N_Shelf,0.11,1.92E-05,0.03,6.10E-02
cg24141382,chr1,41446726,CTPS,CTPS,-874,S_Shore;Promoter,0.10,1.21E-05,0.09,4.01E-02
cg24204017,chr3,57999988,FLNB,FLNB,5862,Enhancer,0.14,4.68E-12,0.09,4.34E-06
cg24233594,chr10,103066371,,AX747408,-43064,N_Shelf,0.11,1.63E-09,0.13,9.57E-05
cg24340655,chr1,162955625,,RGS4,-82770,Enhancer,0.12,2.09E-06,0.06,1.05E-02
cg24430754,chr2,232396241,NMUR1,NMUR1,-1059,S_Shore; Enhancer,0.11,9.73E-08,0.07,1.35E-03
cg24431161,chr7,139484351,TBXAS1,TBXAS1,6305,,0.17,2.02E-08,0.09,4.46E-04
cg24481782,chr17,80845653,TBCD,TBCD,-8047,,0.15,1.12E-07,0.01,1.46E-03
cg24561305,chr13,29149132,,DD413682,-24958,,0.12,1.96E-12,0.11,3.25E-06
cg24569276,chr17,26890481,PIGS,PIGS,8015,Enhancer,0.11,1.91E-13,0.15,7.18E-07
cg24589834,chr1,15083092,KIAA1026,KAZN,157880,Enhancer,0.11,1.53E-06,0.14,8.05E-03
cg24598187,chr5,96253798,ERAP2,LNPEP,-17547,,0.13,5.71E-08,0.03,8.83E-04
cg24617203,chr2,102623381,IL1R2,IL1R2,-1595,,0.15,1.13E-10,0.02,1.84E-05
cg24700316,chr6,90943562,BACH2,BACH2,63065,Enhancer,0.12,5.33E-08,0.10,8.72E-04
cg24715412,chr4,184922571,STOX2,STOX2,-7739,,0.11,4.38E-05,0.10,1.09E-01
cg24717325,chr6,28784509,,TRNA_Ala,574,S_Shelf,0.10,5.39E-06,0.05,2.19E-02
cg24735129,chr11,70957520,,SHANK2,-21678,Enhancer,0.11,2.15E-11,0.04,9.00E-06
cg24761668,chr2,109026121,,SULT1C4,31701,Enhancer,0.10,1.78E-03,0.08,6.80E-01
cg24882192,chr2,128366324,MYO7B,MYO7B,-11232,,0.14,2.13E-08,0.04,4.55E-04
cg24925163,chr2,128458248,SFT2D3,SFT2D3,-348,N_Shore;Promoter,0.15,3.05E-09,0.04,1.39E-04
cg24938761,chr19,2091406,MOBKL2A,MOB3A,4863,N_Shelf,0.10,2.98E-07,0.09,2.43E-03
cg24964130,chr2,133197577,GPR39,GPR39,23431,Enhancer,0.11,1.43E-06,0.11,7.32E-03
cg24995347,chr2,231089641,SP140,SP110,803,,0.11,3.02E-10,0.02,2.81E-05
cg25032603,chr21,35554811,C21orf82,LINC00310,1834,,0.16,2.10E-10,0.12,2.37E-05
cg25099516,chr1,48288813,,LOC388630,173749,Enhancer,0.10,1.17E-05,0.07,3.82E-02
cg25103160,chr12,76206788,,SNORA70,-123739,Enhancer,0.11,2.55E-09,0.01,1.19E-04
cg25103772,chr1,176513705,PAPPA2,PAPPA2,81399,Enhancer,0.15,1.45E-11,0.08,8.02E-06
cg25130939,chr15,76328140,,NRG4,-23355,Enhancer,0.11,8.31E-06,0.05,2.94E-02
cg25143609,chr7,87936901,STEAP4,STEAP4,-673,,0.12,4.29E-10,0.07,3.82E-05
cg25175240,chr15,69849786,,LOC145837,-4272,Enhancer,0.13,9.52E-07,0.06,5.85E-03
cg25212701,chr1,162351664,C1orf226,C1orf226,145,,0.11,7.67E-06,0.10,2.71E-02
cg25245338,chr22,33196112,SYN3;TIMP3,TIMP3,-689,N_Shore,0.19,6.14E-10,0.02,4.26E-05
cg25298189,chr19,935259,ARID3A,ARID3A,9223,S_Shelf,0.10,5.89E-08,0.06,9.55E-04
cg25306480,chr10,134226517,PWWP2B,PWWP2B,15816,,0.12,7.54E-09,0.03,2.35E-04
cg25390063,chr12,66309226,HMGA,AK128707,-33405,,0.11,9.88E-06,0.05,3.25E-02
cg25429446,chr4,113839045,ANK2,ANK2,99807,Enhancer,0.11,2.66E-06,0.07,1.28E-02
cg25469314,chr1,48704831,SLC5A9,SLC5A9,-162,,0.12,3.34E-05,0.01,8.67E-02
cg25653839,chr15,40450026,,BUB1B,-3183,N_Shelf,0.12,4.07E-08,0.06,7.17E-04
cg25722029,chr19,13907696,ZSWIM4,ZSWIM4,1423,S_Shore,0.11,7.77E-09,0.07,2.36E-04
cg25740652,chr4,41361623,LIMCH1,LIMCH1,-1180,N_Shore,0.16,2.16E-08,0.17,4.60E-04
cg25783987,chr7,4180723,SDK1,SDK1,11407,,0.10,3.93E-05,0.12,9.74E-02
cg25960769,chr6,41169811,TREML2,TREML2,-886,,0.11,4.23E-06,0.08,1.74E-02
cg25961733,chr10,134228239,PWWP2B,PWWP2B,17538,,0.11,6.07E-09,0.01,2.15E-04
cg25989745,chr9,12693326,TYRP1,TYRP1,-59,,0.11,6.75E-05,0.11,1.56E-01
cg26020161,chr1,110284423,GSTM3,GSTM3,-763,S_Shore,0.11,1.52E-06,0.08,7.88E-03
cg26084141,chr3,122786895,PDIA5,PDIA5,1040,S_Shore;Promoter,0.12,3.00E-07,0.12,2.43E-03
cg26159090,chr10,60474252,BICC1;LOC728640,LOC728640,-522,,0.11,1.33E-05,0.08,4.37E-02
cg26185836,chr1,43392690,SLC2A1,FLJ32224,-32029,S_Shelf,0.10,1.05E-11,0.04,6.14E-06
cg26188621,chr10,76983413,VDAC2,COMTD1,12357,Enhancer,0.13,8.14E-10,0.24,5.86E-05
cg26269881,chr3,5023310,BHLHE40,LOC100507582,-1664,N_Shore,0.10,2.58E-08,0.04,5.39E-04
cg26276667,chr10,92916289,,NUDT9P1,-3452,S_Shelf,0.12,1.25E-08,0.08,3.02E-04
cg26311610,chr7,73593138,EIF4H,EIF4H,4433,S_Shelf;Promoter,0.10,2.02E-04,0.08,2.69E-01
cg26331247,chr20,31239171,LOC284805,C20orf203,612,,0.10,9.92E-07,0.09,6.00E-03
cg26365254,chr1,157952118,,KIRREL,-10944,S_Shelf,0.10,2.76E-05,0.09,7.35E-02
cg26366616,chr8,22439831,PDLIM2,PDLIM2,1845,S_Shelf,0.13,1.02E-10,0.01,1.74E-05
cg26378984,chr11,116374243,,Mir_652,-24329,S_Shelf,0.10,5.73E-08,0.10,8.84E-04
cg26501049,chr6,119471177,FAM184A,FAM184A,-819,,0.12,1.10E-06,0.09,6.16E-03
cg26509870,chr8,22076166,,PHYHIP,13685,N_Shelf,0.19,3.03E-12,0.02,3.54E-06
cg26548682,chr1,65717202,,AK123450,-2942,N_Shelf,0.11,2.20E-07,0.08,2.20E-03
cg26548883,chr17,34329899,CCL14-CCL15,CCL14-CCL15,-815,,0.10,1.05E-05,0.09,3.50E-02
cg26585416,chr19,3969745,DAPK3,DAPK3,82,N_Shore;Promoter,0.14,3.25E-07,0.14,2.76E-03
cg26625897,chr17,39678679,,KRT15,-653,Enhancer,0.29,1.02E-15,0.09,2.00E-07
cg26638266,chr2,36923086,VIT,VIT,-746,,0.11,6.84E-13,0.15,1.52E-06
cg26651514,chr13,33864734,,STARD13,-4833,Enhancer,0.20,1.05E-11,0.11,5.49E-06
cg26673784,chr10,80787497,LOC283050,AX747983,-23937,,0.10,5.70E-06,0.01,2.28E-02
cg26723624,chr4,53700940,,RASL11B,-27554,Enhancer,0.10,5.95E-11,0.13,1.40E-05
cg26800802,chr7,139859464,JHDM1D,JHDM1D,17277,Enhancer,0.13,4.64E-09,0.09,1.82E-04
cg26851803,chr12,66392654,,5S_rRNA,-67346,Enhancer,0.15,6.31E-10,0.00,4.37E-05
cg26861706,chr15,101686530,,CHSY1,41736,Enhancer,0.11,4.45E-09,0.15,1.75E-04
cg26922451,chr1,26376157,,SLC30A2,-3553,S_Shelf,0.13,2.23E-08,0.08,4.67E-04
cg26931063,chr6,47754969,OPN5,OPN5,166,,0.12,1.36E-05,0.03,4.47E-02
cg27056501,chr1,180120700,,QSOX1,-3267,N_Shelf; Enhancer,0.12,1.03E-05,0.09,3.36E-02
cg27113538,chr3,195849674,,LOC401109,-19832,,0.12,7.01E-08,0.03,1.11E-03
cg27182012,chr1,156095157,LMNA,LMNA,-803,,0.17,5.76E-08,0.09,9.22E-04
cg27223882,chr2,154245346,,RPRM,89976,Enhancer,0.11,2.04E-04,0.01,2.71E-01
cg27271298,chr8,105094548,RIMS2,RIMS2,166826,Enhancer,0.12,1.08E-04,0.02,2.10E-01
cg27306537,chr12,123187529,GPR109A,HCAR2,375,,0.11,1.05E-08,0.01,2.82E-04
cg27307465,chr1,65472802,,BC035370,-4643,S_Shelf,0.15,1.06E-08,0.04,2.83E-04
cg27321175,chr10,15689009,ITGA8,ITGA8,72761,,0.11,1.52E-05,0.07,4.98E-02
cg27423027,chr6,131147800,LOC285733,LOC100507203,-744,,0.12,2.56E-06,0.08,1.18E-02
cg27442676,chr4,72070667,SLC4A4,SLC4A4,17665,Enhancer,0.11,1.99E-05,0.02,6.20E-02
cg27492725,chr2,183409471,,PDE1A,-21964,Enhancer,0.10,3.22E-07,0.05,2.67E-03
cg27502580,chr3,169247421,MECOM,DD413694,132454,Enhancer,0.11,4.18E-06,0.07,1.68E-02
cg27538859,chr1,15106700,KIAA1026,KAZN,-143924,Enhancer,0.12,6.83E-08,0.06,1.09E-03
cg27541541,chr6,22298146,PRL,PRL,-416,,0.11,3.86E-06,0.08,1.61E-02
cg27589988,chr1,215147891,,KCNK2,-30993,Enhancer,0.10,4.15E-05,0.06,1.08E-01
